id_cliente,rut,rut_dv_valido,nombre,email,email_valido,id_comuna,fecha_registro
CLI-0001,12.857.780-8,False,Macarena Tapia Morales,mac.tapia@gmail.com,True,COM-04,2026-05-14
CLI-0002,21.773.005-0,False,Cristián Valenzuela Araya,cri.valenzuela@consultora.cl,True,COM-14,2026-01-12
CLI-0003,14.402.092-1,False,Andrea Silva Morales,and.silva@servicios.cl,True,COM-08,2026-06-21
CLI-0004,21.059.002-8,False,Ignacio Rojas Espinoza,ign.rojas@outlook.cl,True,COM-02,2026-06-05
CLI-0005,22.320.514-8,False,Francisca Soto Soto,fra.soto@empresa.cl,True,COM-12,2026-03-17
CLI-0006,11.045.450-1,False,Ignacio Soto Vergara,ign.soto@gmail.com,True,COM-08,2026-05-28
CLI-0007,17.684.442-7,False,Beatriz Tapia Silva,bea.tapia@sura.cl,True,COM-11,2026-04-07
CLI-0008,20.205.046-2,False,Mauricio Araya Tapia,mau.araya@outlook.cl,True,COM-10,2026-02-12
CLI-0009,13.660.995-K,False,Carolina Vergara Valenzuela,car.vergara@gmail.com,True,COM-13,2026-04-08
CLI-0010,11.050.232-K,True,Tomas López Rodríguez,tom.lopez@gmail.com,True,COM-07,2026-06-03
CLI-0011,14.532.054-2,True,Valentina Araya Rojas,val.araya@servicios.cl,True,COM-12,2026-04-27
CLI-0012,19.537.899-0,False,Álvaro Pérez Soto,alv.perez@consultora.cl,True,COM-02,2026-07-06
CLI-0013,20.660.647-1,False,Constanza Vergara Sepúlveda,con.vergara@gmail.com,True,COM-10,2026-06-09
CLI-0014,14.790.263-0,False,Diego Fuentes Araya,die.fuentes@outlook.cl,True,COM-08,2026-01-21
CLI-0015,17.847.811-6,False,Fernanda López Contreras,fer.lopez@servicios.cl,True,COM-11,2026-01-08
CLI-0016,18.686.604-4,False,Mauricio Valenzuela Morales,mau.valenzuela@empresa.cl,True,COM-15,2026-07-03
CLI-0017,19.518.387-3,False,Paula Contreras Morales,pau.contreras@servicios.cl,True,COM-07,2026-06-10
CLI-0018,21.435.970-1,False,Gabriel Contreras Soto,gab.contreras@sura.cl,True,COM-06,2026-03-28
CLI-0019,14.972.823-9,False,Sofia Espinoza Tapia,sof.espinoza@servicios.cl,True,COM-08,2026-03-06
CLI-0020,22.082.736-1,False,Diego Espinoza Valenzuela,die.espinoza@sura.cl,True,COM-15,2026-05-17
CLI-0021,22.051.983-2,False,Marcela Espinoza Espinoza,mar.espinoza@sura.cl,True,COM-11,2026-07-28
CLI-0022,12.322.581-5,False,Rodrigo Valenzuela Espinoza,rod.valenzuela@gmail.com,True,COM-06,2026-03-01
CLI-0023,11.924.064-K,False,Fernanda Soto Araya,fer.soto@sura.cl,True,COM-04,2026-03-06
CLI-0024,13.858.633-3,False,Gabriel Pérez Morales,gab.perez@empresa.cl,True,COM-12,2026-07-01
CLI-0025,20.139.202-3,False,Beatriz Silva Morales,bea.silva@outlook.cl,True,COM-08,2026-03-13
CLI-0026,13.205.217-8,False,Ignacio Soto Rojas,ign.soto@gmail.com,True,COM-13,2026-01-15
CLI-0027,13.667.446-4,False,Sofia Díaz Valenzuela,sof.diaz@outlook.cl,True,COM-06,2026-01-12
CLI-0028,20.093.525-5,False,Felipe Sepúlveda Rodríguez,fel.sepulveda@sura.cl,True,COM-02,2026-07-06
CLI-0029,11.562.196-8,False,Loreto Pérez Araya,lor.perez@outlook.cl,True,COM-15,2026-01-14
CLI-0030,15.782.346-2,False,Ignacio Fuentes Silva,ign.fuentes@servicios.cl,True,COM-15,2026-04-15
CLI-0031,21.148.772-3,False,Francisca Araya Tapia,fra.araya@servicios.cl,True,COM-14,2026-04-26
CLI-0032,12.940.421-3,True,Diego González Sepúlveda,die.gonzalez@gmail.com,True,COM-11,2026-03-11
CLI-0033,13.937.626-4,False,Catalina Muñoz Morales,cat.munoz@servicios.cl,True,COM-13,2026-05-20
CLI-0034,17.840.614-1,False,Mauricio Espinoza Muñoz,mau.espinoza@servicios.cl,True,COM-07,2026-04-22
CLI-0035,16.582.459-2,False,Carolina Araya Pérez,car.araya@servicios.cl,True,COM-04,2026-06-19
CLI-0036,15.180.463-K,False,Diego Díaz Fuentes,die.diaz@servicios.cl,True,COM-14,2026-02-03
CLI-0037,15.325.544-5,False,Fernanda Morales Vergara,fer.morales@sura.cl,True,COM-06,2026-04-24
CLI-0038,15.343.944-1,False,Tomas Araya Contreras,tom.araya@empresa.cl,True,COM-12,2026-05-06
CLI-0039,18.340.158-8,False,Valentina López Morales,val.lopez@outlook.cl,True,COM-13,2026-07-19
CLI-0040,19.552.605-0,False,Sebastián Díaz Araya,seb.diaz@outlook.cl,True,COM-15,2026-04-27
CLI-0041,15.068.981-8,False,Catalina Fuentes Espinoza,cat.fuentes@consultora.cl,True,COM-15,2026-06-24
CLI-0042,22.280.617-7,False,Hernán Muñoz Valenzuela,her.munoz@outlook.cl,True,COM-06,2026-02-09
CLI-0043,16.747.630-6,False,Macarena Soto Morales,mac.soto@sura.cl,True,COM-08,2026-04-10
CLI-0044,12.737.571-K,False,Cristián Vergara Soto,cri.vergara@empresa.cl,True,COM-01,2026-07-26
CLI-0045,21.720.037-1,False,Beatriz Tapia Valenzuela,bea.tapia@servicios.cl,True,COM-15,2026-06-09
CLI-0046,12.133.167-1,False,Cristián Díaz Morales,cri.diaz@empresa.cl,True,COM-04,2026-03-03
CLI-0047,18.346.735-2,True,Marcela Díaz Morales,mar.diaz@sura.cl,True,COM-14,2026-01-21
CLI-0048,18.378.016-2,False,Sebastián López Muñoz,seb.lopez@gmail.com,True,COM-11,2026-05-12
CLI-0049,20.762.083-9,False,Macarena Rojas Silva,mac.rojas@sura.cl,True,COM-05,2026-04-01
CLI-0050,20.171.486-1,False,Felipe Araya Sepúlveda,fel.araya@gmail.com,True,COM-10,2026-02-20
CLI-0051,19.107.255-1,False,Camila Vergara Sepúlveda,cam.vergara@sura.cl,True,COM-08,2026-02-22
CLI-0052,13.054.944-6,True,Ignacio Contreras Díaz,ign.contreras@empresa.cl,True,COM-12,2026-06-19
CLI-0053,21.890.262-5,False,Daniela Rodríguez Pérez,dan.rodriguez@empresa.cl,True,COM-07,2026-07-21
CLI-0054,17.449.223-K,False,Sebastián Sepúlveda Soto,seb.sepulveda@servicios.cl,True,COM-14,2026-05-13
CLI-0055,11.500.055-5,False,Valentina Soto Díaz,val.soto@servicios.cl,True,COM-05,2026-06-01
CLI-0056,14.216.753-K,False,Rodrigo Sepúlveda Rodríguez,rod.sepulveda@gmail.com,True,COM-13,2026-02-09
CLI-0057,21.122.939-8,False,Beatriz Sepúlveda Morales,bea.sepulveda@sura.cl,True,COM-01,2026-03-11
CLI-0058,14.443.843-0,False,Matías Pérez Pérez,mat.perez@sura.cl,True,COM-13,2026-01-18
CLI-0059,19.745.270-K,False,Camila Vergara Espinoza,cam.vergara@empresa.cl,True,COM-11,2026-05-19
CLI-0060,20.646.504-5,False,Javier Rojas Soto,jav.rojas@outlook.cl,True,COM-08,2026-05-07
CLI-0061,20.366.353-0,False,Javiera Araya Soto,jav.araya@consultora.cl,True,COM-12,2026-03-04
CLI-0062,19.406.750-3,False,Gabriel López Vergara,gab.lopez@sura.cl,True,COM-11,2026-03-15
CLI-0063,14.331.264-2,False,Loreto Morales Pérez,lor.morales@gmail.com,True,COM-11,2026-04-11
CLI-0064,15.748.097-K,False,Felipe González López,fel.gonzalez@consultora.cl,True,COM-10,2026-01-01
CLI-0065,14.288.488-4,False,Francisca Valenzuela Tapia,fra.valenzuela@gmail.com,True,COM-08,2026-07-02
CLI-0066,20.498.090-2,False,Mauricio Rodríguez Rojas,mau.rodriguez@gmail.com,True,COM-02,2026-05-26
CLI-0067,11.955.434-4,False,Andrea González Espinoza,and.gonzalez@empresa.cl,True,COM-08,2026-07-18
CLI-0068,20.069.414-5,False,Matías Fuentes Morales,mat.fuentes@empresa.cl,True,COM-13,2026-06-09
CLI-0069,13.859.516-2,False,Carolina Rojas Araya,car.rojas@sura.cl,True,COM-14,2026-06-16
CLI-0070,20.266.869-8,False,Mauricio Araya Soto,mau.araya@sura.cl,True,COM-08,2026-01-27
CLI-0071,11.364.673-7,False,Andrea Muñoz Araya,and.munoz@gmail.com,True,COM-11,2026-04-02
CLI-0072,16.639.676-7,False,Esteban Valenzuela Díaz,est.valenzuela@sura.cl,True,COM-02,2026-01-08
CLI-0073,16.529.760-7,False,Constanza Fuentes Rodríguez,con.fuentes@servicios.cl,True,COM-13,2026-04-07
CLI-0074,21.681.359-7,False,Ignacio Espinoza Araya,ign.espinoza@empresa.cl,True,COM-11,2026-01-25
CLI-0075,17.345.273-4,False,Marcela Sepúlveda Espinoza,mar.sepulveda@consultora.cl,True,COM-01,2026-07-25
CLI-0076,18.692.246-4,False,Tomas González Rodríguez,tom.gonzalez@gmail.com,True,COM-01,2026-05-22
CLI-0077,14.950.656-4,False,Constanza Rodríguez Fuentes,con.rodriguez@empresa.cl,True,COM-04,2026-04-23
CLI-0078,20.532.244-4,False,Álvaro Tapia Espinoza,alv.tapia@sura.cl,True,COM-12,2026-04-21
CLI-0079,13.856.777-7,False,Marcela Espinoza Díaz,mar.espinoza@sura.cl,True,COM-08,2026-06-06
CLI-0080,13.263.736-6,False,Mauricio Pérez Espinoza,mau.perez@gmail.com,True,COM-15,2026-05-28
CLI-0081,11.338.107-4,False,Sofia Vergara Contreras,sof.vergara@outlook.cl,True,COM-13,2026-07-05
CLI-0082,17.942.818-3,False,Ignacio Díaz López,ign.diaz@consultora.cl,True,COM-14,2026-05-05
CLI-0083,15.412.692-4,False,Macarena González Díaz,mac.gonzalez@gmail.com,True,COM-08,2026-04-20
CLI-0084,18.844.773-2,True,Javier Sepúlveda Rojas,jav.sepulveda@servicios.cl,True,COM-01,2026-02-04
CLI-0085,12.449.255-5,False,Macarena Rodríguez Muñoz,mac.rodriguez@gmail.com,True,COM-07,2026-02-27
CLI-0086,20.269.276-3,False,Mauricio Pérez Soto,mau.perez@sura.cl,True,COM-12,2026-01-20
CLI-0087,12.715.632-3,False,Andrea Contreras González,and.contreras@consultora.cl,True,COM-01,2026-01-08
CLI-0088,11.678.385-2,False,Tomas Valenzuela Araya,tom.valenzuela@gmail.com,True,COM-05,2026-02-13
CLI-0089,20.336.972-4,False,Daniela Valenzuela Rodríguez,dan.valenzuela@sura.cl,True,COM-01,2026-02-11
CLI-0090,14.197.146-6,False,Felipe González Rodríguez,fel.gonzalez@gmail.com,True,COM-14,2026-04-23
CLI-0091,22.160.319-1,False,Camila Contreras Espinoza,cam.contreras@consultora.cl,True,COM-04,2026-07-07
CLI-0092,15.199.395-K,False,Gabriel Muñoz Soto,gab.munoz@empresa.cl,True,COM-04,2026-04-23
CLI-0093,17.257.650-4,False,Daniela Sepúlveda Pérez,dan.sepulveda@servicios.cl,True,COM-14,2026-04-16
CLI-0094,14.827.339-6,False,Felipe Valenzuela Sepúlveda,fel.valenzuela@empresa.cl,True,COM-07,2026-03-10
CLI-0095,15.488.455-5,False,Marcela Tapia Morales,mar.tapia@empresa.cl,True,COM-13,2026-05-28
CLI-0096,12.265.019-7,True,Sebastián Tapia Muñoz,seb.tapia@empresa.cl,True,COM-07,2026-01-12
CLI-0097,19.176.462-3,False,Francisca Araya López,fra.araya@empresa.cl,True,COM-06,2026-02-28
CLI-0098,20.597.692-K,False,Ignacio Fuentes Sepúlveda,ign.fuentes@consultora.cl,True,COM-10,2026-06-21
CLI-0099,18.898.568-6,False,Macarena Díaz Soto,mac.diaz@outlook.cl,True,COM-13,2026-04-12
CLI-0100,15.194.399-2,False,Tomas Díaz Valenzuela,tom.diaz@servicios.cl,True,COM-07,2026-06-27
CLI-0101,15.068.863-9,True,Catalina Contreras Contreras,cat.contreras@servicios.cl,True,COM-11,2026-07-02
CLI-0102,15.833.955-4,False,Diego Silva Araya,die.silva@gmail.com,True,COM-05,2026-03-10
CLI-0103,22.398.288-8,False,Camila Vergara Tapia,cam.vergara@consultora.cl,True,COM-02,2026-04-19
CLI-0104,14.182.624-6,False,Cristián Valenzuela González,cri.valenzuela@sura.cl,True,COM-02,2026-06-23
CLI-0105,22.467.181-4,True,Sofia Contreras Pérez,sof.contreras@outlook.cl,True,COM-08,2026-05-02
CLI-0106,15.189.603-3,False,Gonzalo Vergara Sepúlveda,gon.vergara@gmail.com,True,COM-02,2026-02-13
CLI-0107,15.880.893-6,False,Camila Araya Araya,cam.araya@gmail.com,True,COM-14,2026-05-09
CLI-0108,11.267.000-7,False,Diego Muñoz Soto,die.munoz@sura.cl,True,COM-10,2026-06-09
CLI-0109,19.431.960-9,False,Valentina Morales Sepúlveda,val.morales@servicios.cl,True,COM-13,2026-07-14
CLI-0110,13.520.150-2,True,Sebastián Pérez Soto,seb.perez@sura.cl,True,COM-05,2026-04-18
CLI-0111,16.331.357-3,False,Camila Soto Morales,cam.soto@servicios.cl,True,COM-11,2026-06-21
CLI-0112,19.485.484-7,False,Felipe Vergara Vergara,fel.vergara@gmail.com,True,COM-02,2026-06-22
CLI-0113,13.760.186-2,False,Carolina Díaz Espinoza,car.diaz@gmail.com,True,COM-02,2026-05-18
CLI-0114,13.697.302-7,False,Hernán Contreras Vergara,her.contreras@gmail.com,True,COM-15,2026-06-19
CLI-0115,19.580.611-4,False,Beatriz Espinoza Silva,bea.espinoza@consultora.cl,True,COM-07,2026-02-19
CLI-0116,20.183.945-2,False,Matías Sepúlveda Contreras,mat.sepulveda@consultora.cl,True,COM-07,2026-06-07
CLI-0117,17.292.330-0,False,Francisca Pérez Tapia,fra.perez@outlook.cl,True,COM-11,2026-02-09
CLI-0118,21.955.710-0,False,Matías Tapia Fuentes,mat.tapia@sura.cl,True,COM-11,2026-03-01
CLI-0119,11.964.091-1,True,Marcela Pérez Fuentes,mar.perez@servicios.cl,True,COM-10,2026-03-10
CLI-0120,16.902.804-3,False,Álvaro Tapia Contreras,alv.tapia@gmail.com,True,COM-06,2026-02-07
CLI-0121,21.326.779-3,False,Sofia González Tapia,sof.gonzalez@empresa.cl,True,COM-13,2026-06-05
CLI-0122,20.871.270-5,True,Sebastián Sepúlveda Rojas,seb.sepulveda@consultora.cl,True,COM-12,2026-04-07
CLI-0123,11.949.041-8,False,Macarena Díaz Soto,mac.diaz@outlook.cl,True,COM-12,2026-03-08
CLI-0124,17.577.741-3,False,Diego Fuentes Silva,die.fuentes@sura.cl,True,COM-08,2026-03-25
CLI-0125,14.294.333-2,False,Javiera Muñoz Rojas,jav.munoz@outlook.cl,True,COM-06,2026-07-13
CLI-0126,11.492.005-4,False,Claudio Fuentes Pérez,cla.fuentes@sura.cl,True,COM-05,2026-06-04
CLI-0127,19.888.134-9,False,Javiera Muñoz Sepúlveda,jav.munoz@servicios.cl,True,COM-13,2026-07-13
CLI-0128,14.640.218-2,False,Gonzalo Pérez Morales,gon.perez@consultora.cl,True,COM-12,2026-01-19
CLI-0129,14.053.360-1,False,Carolina Contreras Espinoza,car.contreras@sura.cl,True,COM-06,2026-06-25
CLI-0130,22.344.182-8,False,Álvaro Rojas Contreras,alv.rojas@outlook.cl,True,COM-04,2026-01-27
CLI-0131,17.980.299-5,False,Macarena Pérez González,mac.perez@outlook.cl,True,COM-12,2026-07-17
CLI-0132,14.761.892-9,False,Felipe Díaz Tapia,fel.diaz@empresa.cl,True,COM-11,2026-01-01
CLI-0133,15.175.033-2,False,Catalina Valenzuela Morales,cat.valenzuela@sura.cl,True,COM-14,2026-03-21
CLI-0134,16.712.548-7,False,Matías Valenzuela López,mat.valenzuela@gmail.com,True,COM-01,2026-03-27
CLI-0135,18.456.416-2,False,Beatriz Fuentes Espinoza,bea.fuentes@sura.cl,True,COM-02,2026-02-26
CLI-0136,13.947.751-1,False,Ignacio Araya Pérez,ign.araya@sura.cl,True,COM-10,2026-02-18
CLI-0137,12.619.604-1,False,Paula Pérez Araya,pau.perez@consultora.cl,True,COM-15,2026-01-02
CLI-0138,15.894.833-4,False,Cristián Fuentes López,cri.fuentes@empresa.cl,True,COM-05,2026-04-25
CLI-0139,12.921.500-1,False,Sofia Tapia Valenzuela,sof.tapia@consultora.cl,True,COM-12,2026-04-24
CLI-0140,14.363.811-1,True,Cristián Muñoz Tapia,cri.munoz@gmail.com,True,COM-15,2026-05-26
CLI-0141,15.748.609-1,False,Carolina Contreras Pérez,car.contreras@gmail.com,True,COM-04,2026-01-27
CLI-0142,12.019.949-K,False,Mauricio Fuentes Soto,mau.fuentes@consultora.cl,True,COM-14,2026-01-18
CLI-0143,17.537.410-9,False,Marcela López Vergara,mar.lopez@servicios.cl,True,COM-01,2026-04-23
CLI-0144,19.540.155-7,False,Ignacio Soto Vergara,ign.soto@sura.cl,True,COM-07,2026-05-22
CLI-0145,20.569.422-4,False,Camila Rodríguez Silva,cam.rodriguez@empresa.cl,True,COM-13,2026-07-07
CLI-0146,21.587.796-6,False,Hernán Tapia Muñoz,her.tapia@sura.cl,True,COM-15,2026-06-24
CLI-0147,13.034.986-8,False,Francisca Valenzuela Pérez,fra.valenzuela@sura.cl,True,COM-12,2026-01-04
CLI-0148,16.049.078-K,False,Rodrigo Sepúlveda Espinoza,rod.sepulveda@empresa.cl,True,COM-04,2026-03-21
CLI-0149,22.439.068-5,False,Catalina Rojas Araya,cat.rojas@empresa.cl,True,COM-08,2026-03-06
CLI-0150,12.793.884-2,False,Esteban Fuentes Araya,est.fuentes@outlook.cl,True,COM-15,2026-05-07
CLI-0151,12.722.794-2,True,Paula Rojas Vergara,pau.rojas@sura.cl,True,COM-14,2026-01-01
CLI-0152,21.144.931-6,False,Felipe Tapia Sepúlveda,fel.tapia@sura.cl,True,COM-12,2026-05-06
CLI-0153,12.128.111-6,False,Catalina Contreras Silva,cat.contreras@gmail.com,True,COM-14,2026-02-02
CLI-0154,22.116.094-3,False,Matías Fuentes Contreras,mat.fuentes@outlook.cl,True,COM-06,2026-04-08
CLI-0155,21.060.298-5,False,Fernanda Valenzuela Araya,fer.valenzuela@servicios.cl,True,COM-04,2026-03-05
CLI-0156,16.770.456-K,False,Sebastián Rojas Silva,seb.rojas@sura.cl,True,COM-01,2026-03-17
CLI-0157,18.058.116-0,False,Daniela Valenzuela Morales,dan.valenzuela@servicios.cl,True,COM-02,2026-07-02
CLI-0158,20.240.014-6,False,Claudio Muñoz López,cla.munoz@gmail.com,True,COM-02,2026-02-24
CLI-0159,14.288.735-9,False,Daniela Espinoza González,dan.espinoza@empresa.cl,True,COM-15,2026-03-22
CLI-0160,13.623.382-7,False,Gabriel López Contreras,gab.lopez@empresa.cl,True,COM-05,2026-07-23
CLI-0161,22.397.117-0,False,Macarena Rodríguez Rodríguez,mac.rodriguez@consultora.cl,True,COM-15,2026-03-28
CLI-0162,18.733.998-0,False,Claudio Rojas Araya,cla.rojas@servicios.cl,True,COM-06,2026-02-13
CLI-0163,19.764.054-K,False,Marcela Silva Soto,mar.silva@consultora.cl,True,COM-14,2026-04-16
CLI-0164,22.007.561-3,True,Sebastián Araya Espinoza,seb.araya@consultora.cl,True,COM-10,2026-03-04
CLI-0165,22.022.194-3,False,Paula Valenzuela Espinoza,pau.valenzuela@consultora.cl,True,COM-10,2026-01-10
CLI-0166,18.620.093-6,False,Mauricio Tapia Sepúlveda,mau.tapia@empresa.cl,True,COM-02,2026-06-26
CLI-0167,19.714.207-1,False,Beatriz Muñoz Díaz,bea.munoz@outlook.cl,True,COM-07,2026-01-24
CLI-0168,21.072.670-4,False,Hernán López Rodríguez,her.lopez@sura.cl,True,COM-11,2026-07-17
CLI-0169,12.496.774-0,True,Constanza Vergara Muñoz,con.vergara@outlook.cl,True,COM-11,2026-04-20
CLI-0170,15.213.079-0,False,Ignacio Tapia López,ign.tapia@gmail.com,True,COM-11,2026-06-09
CLI-0171,15.481.798-9,False,Andrea González Silva,and.gonzalez@consultora.cl,True,COM-10,2026-03-03
CLI-0172,14.040.606-9,False,Hernán Rodríguez González,her.rodriguez@gmail.com,True,COM-13,2026-06-11
CLI-0173,13.870.401-5,False,Camila Rojas Silva,cam.rojas@consultora.cl,True,COM-15,2026-02-23
CLI-0174,18.284.772-7,False,Hernán Morales Contreras,her.morales@empresa.cl,True,COM-06,2026-02-25
CLI-0175,15.596.050-3,False,Fernanda Fuentes Rojas,fer.fuentes@outlook.cl,True,COM-02,2026-04-01
CLI-0176,16.174.998-K,False,Felipe Rodríguez Silva,fel.rodriguez@outlook.cl,True,COM-07,2026-03-05
CLI-0177,12.170.111-9,False,Andrea Espinoza Vergara,and.espinoza@consultora.cl,True,COM-02,2026-05-06
CLI-0178,21.940.732-9,False,Diego Araya Vergara,die.araya@outlook.cl,True,COM-13,2026-03-26
CLI-0179,11.144.885-4,False,Constanza López Muñoz,con.lopez@consultora.cl,True,COM-07,2026-07-18
CLI-0180,15.214.856-0,False,Mauricio Díaz Morales,mau.diaz@outlook.cl,True,COM-13,2026-04-15
CLI-0181,13.665.216-3,False,Carolina Rodríguez Morales,car.rodriguez@servicios.cl,True,COM-08,2026-07-09
CLI-0182,12.466.467-9,False,Álvaro Valenzuela Valenzuela,alv.valenzuela@servicios.cl,True,COM-02,2026-03-24
CLI-0183,15.099.380-3,False,Fernanda Díaz Valenzuela,fer.diaz@consultora.cl,True,COM-02,2026-04-28
CLI-0184,22.249.982-5,False,Rodrigo Pérez Rodríguez,rod.perez@sura.cl,True,COM-02,2026-02-01
CLI-0185,15.877.258-3,False,Javiera Rojas Araya,jav.rojas@empresa.cl,True,COM-02,2026-02-25
CLI-0186,15.480.982-0,False,Diego Araya López,die.araya@empresa.cl,True,COM-05,2026-01-28
CLI-0187,18.159.339-0,False,Marcela Díaz Rodríguez,mar.diaz@servicios.cl,True,COM-04,2026-02-27
CLI-0188,17.728.851-3,False,Diego Muñoz Vergara,die.munoz@servicios.cl,True,COM-11,2026-02-24
CLI-0189,11.644.274-6,False,Catalina Rojas Rojas,cat.rojas@sura.cl,True,COM-04,2026-01-16
CLI-0190,14.913.083-K,False,Sebastián Valenzuela Morales,seb.valenzuela@outlook.cl,True,COM-11,2026-07-08
CLI-0191,17.036.648-1,False,Constanza Rodríguez Vergara,con.rodriguez@outlook.cl,True,COM-13,2026-03-17
CLI-0192,15.417.614-1,False,Ignacio Silva Espinoza,ign.silva@outlook.cl,True,COM-02,2026-07-22
CLI-0193,20.230.848-3,False,Valentina Silva Muñoz,val.silva@gmail.com,True,COM-06,2026-06-16
CLI-0194,13.347.500-4,False,Sebastián Sepúlveda Silva,seb.sepulveda@empresa.cl,True,COM-07,2026-03-26
CLI-0195,21.977.460-4,False,Francisca Silva Muñoz,fra.silva@gmail.com,True,COM-08,2026-02-23
CLI-0196,22.258.129-1,False,Matías Muñoz González,mat.munoz@sura.cl,True,COM-12,2026-03-18
CLI-0197,16.632.116-2,False,Sofia Contreras Sepúlveda,sof.contreras@servicios.cl,True,COM-10,2026-01-27
CLI-0198,18.781.729-8,False,Felipe Silva Valenzuela,fel.silva@gmail.com,True,COM-08,2026-06-01
CLI-0199,21.135.963-2,False,Sofia Pérez González,sof.perez@outlook.cl,True,COM-06,2026-07-13
CLI-0200,21.302.188-7,False,Rodrigo Díaz López,rod.diaz@outlook.cl,True,COM-14,2026-06-01
CLI-0201,20.402.060-0,False,Francisca Contreras González,fra.contreras@outlook.cl,True,COM-14,2026-06-15
CLI-0202,19.244.049-1,True,Javier Morales Fuentes,jav.morales@empresa.cl,True,COM-05,2026-02-27
CLI-0203,19.448.862-6,False,Sofia Silva Muñoz,sof.silva@servicios.cl,True,COM-04,2026-06-26
CLI-0204,18.906.949-2,False,Gonzalo López Muñoz,gon.lopez@outlook.cl,True,COM-11,2026-07-11
CLI-0205,19.132.132-4,True,Camila Contreras Silva,cam.contreras@consultora.cl,True,COM-11,2026-06-22
CLI-0206,12.577.238-5,False,Ignacio Soto Espinoza,ign.soto@outlook.cl,True,COM-02,2026-04-22
CLI-0207,14.974.035-2,False,Daniela Díaz Araya,dan.diaz@sura.cl,True,COM-08,2026-03-27
CLI-0208,17.189.268-3,False,Mauricio Morales González,mau.morales@empresa.cl,True,COM-11,2026-01-02
CLI-0209,15.447.490-9,False,Beatriz Araya Fuentes,bea.araya@consultora.cl,True,COM-07,2026-01-08
CLI-0210,12.504.337-5,False,Diego Sepúlveda Tapia,die.sepulveda@sura.cl,True,COM-04,2026-01-18
CLI-0211,18.375.973-3,False,Macarena Rojas Espinoza,mac.rojas@outlook.cl,True,COM-14,2026-06-26
CLI-0212,18.622.686-3,False,Claudio Rojas Valenzuela,cla.rojas@gmail.com,True,COM-06,2026-07-16
CLI-0213,18.955.877-2,False,Paula Fuentes Araya,pau.fuentes@sura.cl,True,COM-13,2026-06-07
CLI-0214,13.544.045-8,False,Tomas González Silva,tom.gonzalez@outlook.cl,True,COM-10,2026-02-16
CLI-0215,16.288.328-4,False,Daniela Contreras Díaz,dan.contreras@empresa.cl,True,COM-06,2026-07-28
CLI-0216,12.573.722-5,False,Javier Muñoz Espinoza,jav.munoz@servicios.cl,True,COM-13,2026-06-12
CLI-0217,15.357.005-K,False,Fernanda Muñoz López,fer.munoz@consultora.cl,True,COM-10,2026-07-10
CLI-0218,14.126.254-8,True,Hernán Soto Muñoz,her.soto@outlook.cl,True,COM-14,2026-01-07
CLI-0219,17.610.948-8,False,Sofia Silva Morales,sof.silva@servicios.cl,True,COM-10,2026-01-13
CLI-0220,16.129.204-0,False,Rodrigo Tapia González,rod.tapia@consultora.cl,True,COM-11,2026-04-09
CLI-0221,14.409.785-2,False,Marcela Fuentes Araya,mar.fuentes@empresa.cl,True,COM-11,2026-07-02
CLI-0222,13.831.723-5,False,Felipe Pérez Fuentes,fel.perez@empresa.cl,True,COM-04,2026-07-27
CLI-0223,20.135.847-2,False,Carolina González Valenzuela,car.gonzalez@outlook.cl,True,COM-12,2026-03-10
CLI-0224,13.602.416-2,False,Hernán González Pérez,her.gonzalez@empresa.cl,True,COM-13,2026-06-17
CLI-0225,17.391.541-7,False,Macarena Valenzuela Soto,mac.valenzuela@servicios.cl,True,COM-11,2026-04-27
CLI-0226,21.710.510-7,False,Hernán Rojas Vergara,her.rojas@sura.cl,True,COM-11,2026-04-10
CLI-0227,11.817.756-3,False,Valentina Rodríguez Díaz,val.rodriguez@empresa.cl,True,COM-04,2026-07-26
CLI-0228,15.297.059-5,True,Javier Silva Vergara,jav.silva@outlook.cl,True,COM-10,2026-03-11
CLI-0229,14.274.417-9,False,Fernanda Vergara Fuentes,fer.vergara@outlook.cl,True,COM-11,2026-03-22
CLI-0230,16.752.592-9,False,Álvaro Soto Vergara,alv.soto@gmail.com,True,COM-10,2026-05-13
CLI-0231,17.924.887-7,False,Paula Díaz Silva,pau.diaz@gmail.com,True,COM-11,2026-04-21
CLI-0232,18.271.689-0,False,Tomas Silva Fuentes,tom.silva@servicios.cl,True,COM-04,2026-06-15
CLI-0233,19.431.904-7,False,Loreto Valenzuela Pérez,lor.valenzuela@servicios.cl,True,COM-12,2026-01-18
CLI-0234,17.918.884-4,False,Rodrigo Espinoza Contreras,rod.espinoza@sura.cl,True,COM-14,2026-06-10
CLI-0235,13.536.070-0,False,Daniela Silva Tapia,dan.silva@gmail.com,True,COM-08,2026-01-27
CLI-0236,18.671.315-3,False,Gabriel Valenzuela Tapia,gab.valenzuela@empresa.cl,True,COM-04,2026-03-28
CLI-0237,13.019.670-2,False,Andrea Rojas Fuentes,and.rojas@outlook.cl,True,COM-01,2026-06-24
CLI-0238,18.670.989-K,False,Mauricio Valenzuela Soto,mau.valenzuela@sura.cl,True,COM-11,2026-05-20
CLI-0239,17.175.124-K,False,Camila Valenzuela Contreras,cam.valenzuela@empresa.cl,True,COM-07,2026-01-15
CLI-0240,17.751.844-0,False,Esteban López Soto,est.lopez@outlook.cl,True,COM-04,2026-06-07
CLI-0241,19.237.425-6,False,Carolina González Pérez,car.gonzalez@consultora.cl,True,COM-01,2026-01-22
CLI-0242,21.015.512-3,False,Ignacio Araya Soto,ign.araya@consultora.cl,True,COM-13,2026-02-03
CLI-0243,13.018.615-9,False,Francisca Díaz Díaz,fra.diaz@sura.cl,True,COM-12,2026-05-15
CLI-0244,17.879.542-4,False,Javier Valenzuela López,jav.valenzuela@empresa.cl,True,COM-12,2026-05-13
CLI-0245,17.948.040-3,False,Camila Silva Vergara,cam.silva@gmail.com,True,COM-01,2026-06-18
CLI-0246,17.723.690-1,False,Ignacio Soto Morales,ign.soto@outlook.cl,True,COM-04,2026-04-24
CLI-0247,20.227.751-1,False,Valentina González Tapia,val.gonzalez@servicios.cl,True,COM-10,2026-03-26
CLI-0248,19.331.716-2,True,Gabriel Morales Contreras,gab.morales@gmail.com,True,COM-11,2026-04-03
CLI-0249,17.165.614-7,False,Marcela Valenzuela Espinoza,mar.valenzuela@outlook.cl,True,COM-12,2026-06-05
CLI-0250,21.074.922-3,False,Rodrigo Fuentes Araya,rod.fuentes@outlook.cl,True,COM-05,2026-07-13
CLI-0251,18.690.873-3,False,Daniela Rodríguez Muñoz,dan.rodriguez@consultora.cl,True,COM-07,2026-07-18
CLI-0252,15.944.823-1,True,Gonzalo Fuentes Tapia,gon.fuentes@servicios.cl,True,COM-05,2026-02-23
CLI-0253,18.958.546-6,False,Javiera Espinoza Valenzuela,jav.espinoza@servicios.cl,True,COM-08,2026-05-12
CLI-0254,13.329.525-0,False,Cristián Tapia Vergara,cri.tapia@sura.cl,True,COM-10,2026-06-25
CLI-0255,19.148.073-2,True,Constanza Vergara Valenzuela,con.vergara@outlook.cl,True,COM-15,2026-03-19
CLI-0256,16.287.875-4,False,Felipe González González,fel.gonzalez@sura.cl,True,COM-08,2026-03-22
CLI-0257,12.886.659-4,False,Marcela Espinoza López,mar.espinoza@sura.cl,True,COM-08,2026-02-18
CLI-0258,15.042.157-3,False,Álvaro Soto Silva,alv.soto@consultora.cl,True,COM-01,2026-03-20
CLI-0259,20.616.469-6,False,Marcela Rodríguez Araya,mar.rodriguez@outlook.cl,True,COM-08,2026-06-06
CLI-0260,21.323.918-1,False,Javier Sepúlveda Contreras,jav.sepulveda@gmail.com,True,COM-12,2026-05-20
CLI-0261,16.003.120-8,False,Carolina Rodríguez Araya,car.rodriguez@servicios.cl,True,COM-13,2026-06-16
CLI-0262,15.610.715-5,False,Sebastián Morales Fuentes,seb.morales@consultora.cl,True,COM-12,2026-02-06
CLI-0263,11.000.930-9,False,Valentina Araya Rodríguez,val.araya@gmail.com,True,COM-05,2026-07-18
CLI-0264,11.314.663-7,False,Cristián Espinoza Vergara,cri.espinoza@servicios.cl,True,COM-08,2026-07-14
CLI-0265,12.928.449-8,True,Macarena Espinoza López,mac.espinoza@outlook.cl,True,COM-05,2026-01-04
CLI-0266,15.152.724-3,False,Ignacio Valenzuela Morales,ign.valenzuela@gmail.com,True,COM-07,2026-06-27
CLI-0267,18.597.293-3,True,Catalina Díaz Araya,cat.diaz@outlook.cl,True,COM-11,2026-06-05
CLI-0268,13.273.886-0,False,Javier Tapia Contreras,jav.tapia@sura.cl,True,COM-10,2026-07-21
CLI-0269,12.019.596-4,True,Javiera Pérez López,jav.perez@empresa.cl,True,COM-08,2026-06-03
CLI-0270,22.046.704-5,False,Cristián González Sepúlveda,cri.gonzalez@empresa.cl,True,COM-15,2026-07-02
CLI-0271,15.803.213-7,False,Catalina Soto Silva,cat.soto@empresa.cl,True,COM-08,2026-04-04
CLI-0272,20.522.529-8,False,Cristián Pérez Araya,cri.perez@servicios.cl,True,COM-15,2026-03-04
CLI-0273,17.549.161-0,False,Beatriz Espinoza Pérez,bea.espinoza@sura.cl,True,COM-10,2026-02-03
CLI-0274,13.024.456-3,False,Rodrigo Araya Contreras,rod.araya@sura.cl,True,COM-01,2026-05-28
CLI-0275,19.686.743-6,False,Catalina Tapia Fuentes,cat.tapia@consultora.cl,True,COM-01,2026-07-05
CLI-0276,21.045.510-0,False,Matías Rojas Díaz,mat.rojas@servicios.cl,True,COM-14,2026-04-18
CLI-0277,13.451.347-2,False,Andrea González Sepúlveda,and.gonzalez@outlook.cl,True,COM-01,2026-04-14
CLI-0278,12.643.286-2,False,Tomas Araya Tapia,tom.araya@sura.cl,True,COM-02,2026-02-08
CLI-0279,18.223.820-2,False,Loreto Silva Pérez,lor.silva@servicios.cl,True,COM-01,2026-07-03
CLI-0280,16.396.429-1,False,Diego Silva Espinoza,die.silva@empresa.cl,True,COM-05,2026-05-28
CLI-0281,13.913.938-0,True,Andrea Tapia Pérez,and.tapia@consultora.cl,True,COM-08,2026-01-07
CLI-0282,17.108.951-7,False,Rodrigo López Soto,rod.lopez@empresa.cl,True,COM-15,2026-04-02
CLI-0283,13.869.290-4,False,Constanza Araya Fuentes,con.araya@sura.cl,True,COM-04,2026-07-02
CLI-0284,20.974.505-1,False,Gabriel Soto Rojas,gab.soto@consultora.cl,True,COM-02,2026-05-01
CLI-0285,12.564.358-1,False,Javiera Silva Araya,jav.silva@gmail.com,True,COM-07,2026-02-10
CLI-0286,15.753.418-K,False,Rodrigo Rodríguez Soto,rod.rodriguez@outlook.cl,True,COM-04,2026-06-14
CLI-0287,18.814.628-6,False,Valentina Vergara Vergara,val.vergara@gmail.com,True,COM-05,2026-07-09
CLI-0288,17.874.958-4,False,Tomas Sepúlveda Vergara,tom.sepulveda@gmail.com,True,COM-06,2026-07-07
CLI-0289,16.965.529-2,False,Valentina Contreras Rojas,val.contreras@sura.cl,True,COM-08,2026-01-17
CLI-0290,13.391.356-5,False,Esteban Araya Pérez,est.araya@outlook.cl,True,COM-10,2026-05-01
CLI-0291,20.772.777-8,False,Marcela Vergara Valenzuela,mar.vergara@gmail.com,True,COM-07,2026-07-03
CLI-0292,11.401.900-2,False,Javier Díaz Espinoza,jav.diaz@outlook.cl,True,COM-14,2026-03-04
CLI-0293,11.702.055-6,False,Sofia Muñoz Muñoz,sof.munoz@servicios.cl,True,COM-07,2026-05-05
CLI-0294,20.890.986-K,True,Cristián Silva Araya,cri.silva@empresa.cl,True,COM-06,2026-03-27
CLI-0295,18.658.986-5,False,Constanza Contreras González,con.contreras@empresa.cl,True,COM-06,2026-06-09
CLI-0296,14.744.482-7,False,Claudio Espinoza Vergara,cla.espinoza@consultora.cl,True,COM-02,2026-01-12
CLI-0297,13.567.526-1,True,Camila Fuentes González,cam.fuentes@servicios.cl,True,COM-01,2026-07-05
CLI-0298,14.046.123-2,False,Sebastián Contreras Tapia,seb.contreras@consultora.cl,True,COM-07,2026-06-17
CLI-0299,11.337.710-K,False,Catalina Morales Sepúlveda,cat.morales@gmail.com,True,COM-04,2026-05-17
CLI-0300,11.750.826-1,False,Sebastián Soto Rojas,seb.soto@sura.cl,True,COM-10,2026-02-15
CLI-0301,13.137.745-7,False,Javiera Soto Soto,jav.soto@gmail.com,True,COM-15,2026-02-06
CLI-0302,13.496.683-7,False,Gonzalo Valenzuela Rodríguez,gon.valenzuela@consultora.cl,True,COM-14,2026-01-06
CLI-0303,15.154.631-6,False,Catalina González Contreras,cat.gonzalez@gmail.com,True,COM-11,2026-04-15
CLI-0304,22.429.727-0,True,Felipe González Rojas,fel.gonzalez@sura.cl,True,COM-11,2026-04-11
CLI-0305,19.561.465-8,False,Constanza Sepúlveda Fuentes,con.sepulveda@servicios.cl,True,COM-10,2026-05-12
CLI-0306,11.565.633-2,False,Gonzalo Rojas Soto,gon.rojas@sura.cl,True,COM-10,2026-01-16
CLI-0307,14.570.317-2,False,Camila Rojas González,cam.rojas@sura.cl,True,COM-11,2026-04-24
CLI-0308,20.807.597-0,False,Hernán Pérez López,her.perez@gmail.com,True,COM-05,2026-07-01
CLI-0309,20.818.268-6,False,Valentina González Contreras,val.gonzalez@servicios.cl,True,COM-01,2026-02-26
CLI-0310,11.920.183-K,False,Ignacio Contreras Pérez,ign.contreras@gmail.com,True,COM-10,2026-06-23
CLI-0311,22.174.016-3,False,Sofia Espinoza Fuentes,sof.espinoza@servicios.cl,True,COM-13,2026-03-02
CLI-0312,20.502.004-6,False,Sebastián Araya Pérez,seb.araya@gmail.com,True,COM-12,2026-01-20
CLI-0313,14.750.266-K,False,Loreto Pérez Pérez,lor.perez@sura.cl,True,COM-13,2026-06-16
CLI-0314,14.754.313-4,False,Matías Fuentes Espinoza,mat.fuentes@outlook.cl,True,COM-07,2026-04-06
CLI-0315,16.228.639-5,False,Macarena Muñoz Araya,mac.munoz@consultora.cl,True,COM-10,2026-06-15
CLI-0316,21.781.456-4,False,Javier Araya Pérez,jav.araya@gmail.com,True,COM-12,2026-01-18
CLI-0317,21.140.047-5,False,Sofia Soto Pérez,sof.soto@outlook.cl,True,COM-12,2026-02-12
CLI-0318,17.186.427-9,False,Matías Morales González,mat.morales@sura.cl,True,COM-13,2026-06-22
CLI-0319,19.011.762-1,False,Valentina Pérez Silva,val.perez@empresa.cl,True,COM-12,2026-03-04
CLI-0320,13.788.476-9,False,Tomas Pérez Morales,tom.perez@consultora.cl,True,COM-01,2026-04-22
CLI-0321,12.812.552-0,False,Constanza López López,con.lopez@gmail.com,True,COM-05,2026-05-23
CLI-0322,16.723.002-0,False,Tomas Tapia Vergara,tom.tapia@consultora.cl,True,COM-05,2026-06-02
CLI-0323,13.044.577-K,False,Paula Tapia Espinoza,pau.tapia@empresa.cl,True,COM-13,2026-01-17
CLI-0324,19.940.033-9,True,Diego Morales Araya,die.morales@outlook.cl,True,COM-12,2026-01-12
CLI-0325,18.612.743-1,False,Sofia Soto Valenzuela,sof.soto@servicios.cl,True,COM-02,2026-03-04
CLI-0326,16.724.811-4,False,Mauricio Rojas López,mau.rojas@servicios.cl,True,COM-12,2026-07-26
CLI-0327,21.528.661-4,True,Sofia Silva Rojas,sof.silva@gmail.com,True,COM-06,2026-05-14
CLI-0328,11.589.484-7,False,Tomas Fuentes Valenzuela,tom.fuentes@empresa.cl,True,COM-04,2026-04-09
CLI-0329,22.143.256-0,False,Carolina Silva Fuentes,car.silva@empresa.cl,True,COM-07,2026-05-04
CLI-0330,14.777.630-2,False,Claudio Valenzuela Muñoz,cla.valenzuela@empresa.cl,True,COM-13,2026-03-27
CLI-0331,15.701.172-8,False,Beatriz Fuentes Araya,bea.fuentes@gmail.com,True,COM-12,2026-05-01
CLI-0332,16.433.272-3,False,Claudio Silva Silva,cla.silva@empresa.cl,True,COM-04,2026-04-18
CLI-0333,14.781.887-6,False,Macarena Fuentes Sepúlveda,mac.fuentes@sura.cl,True,COM-06,2026-07-02
CLI-0334,21.632.921-6,False,Sebastián Contreras Tapia,seb.contreras@empresa.cl,True,COM-14,2026-03-01
CLI-0335,16.494.746-5,False,Andrea Sepúlveda Valenzuela,and.sepulveda@consultora.cl,True,COM-07,2026-02-03
CLI-0336,14.680.066-K,False,Matías Araya Pérez,mat.araya@sura.cl,True,COM-14,2026-04-24
CLI-0337,16.778.830-K,False,Catalina Muñoz López,cat.munoz@sura.cl,True,COM-13,2026-07-24
CLI-0338,11.385.229-7,False,Ignacio Silva Muñoz,ign.silva@gmail.com,True,COM-05,2026-04-28
CLI-0339,17.768.195-8,False,Francisca Sepúlveda Valenzuela,fra.sepulveda@consultora.cl,True,COM-11,2026-01-16
CLI-0340,12.820.959-5,False,Rodrigo Tapia Díaz,rod.tapia@empresa.cl,True,COM-13,2026-03-18
CLI-0341,19.868.589-5,True,Paula Silva Muñoz,pau.silva@empresa.cl,True,COM-05,2026-04-25
CLI-0342,19.595.950-5,False,Sebastián Muñoz Morales,seb.munoz@empresa.cl,True,COM-15,2026-05-17
CLI-0343,12.123.240-4,False,Camila Rojas Morales,cam.rojas@outlook.cl,True,COM-15,2026-05-28
CLI-0344,21.973.771-K,False,Gabriel Araya González,gab.araya@empresa.cl,True,COM-01,2026-02-15
CLI-0345,11.664.625-K,False,Sofia Espinoza González,sof.espinoza@outlook.cl,True,COM-06,2026-04-14
CLI-0346,11.006.460-0,False,Claudio López Rodríguez,cla.lopez@consultora.cl,True,COM-12,2026-04-14
CLI-0347,19.919.858-2,False,Paula Rojas Contreras,pau.rojas@consultora.cl,True,COM-10,2026-03-03
CLI-0348,18.968.758-6,False,Felipe Araya Fuentes,fel.araya@consultora.cl,True,COM-10,2026-01-18
CLI-0349,17.077.140-3,False,Camila Valenzuela Rojas,cam.valenzuela@servicios.cl,True,COM-12,2026-07-10
CLI-0350,17.329.221-2,False,Javier Tapia Fuentes,jav.tapia@outlook.cl,True,COM-07,2026-03-23
CLI-0351,11.996.907-K,False,Francisca López Díaz,fra.lopez@servicios.cl,True,COM-07,2026-01-14
CLI-0352,14.962.382-4,False,Diego Muñoz Fuentes,die.munoz@sura.cl,True,COM-12,2026-04-28
CLI-0353,11.719.561-0,False,Andrea López González,and.lopez@empresa.cl,True,COM-04,2026-06-04
CLI-0354,14.134.648-9,False,Ignacio Pérez Vergara,ign.perez@sura.cl,True,COM-06,2026-01-08
CLI-0355,11.040.355-4,False,Javiera Rodríguez Silva,jav.rodriguez@servicios.cl,True,COM-07,2026-01-06
CLI-0356,19.577.833-1,False,Javier Contreras Rodríguez,jav.contreras@outlook.cl,True,COM-12,2026-02-13
CLI-0357,18.089.185-5,False,Francisca Muñoz López,fra.munoz@consultora.cl,True,COM-01,2026-06-28
CLI-0358,15.346.894-6,False,Esteban López Vergara,est.lopez@consultora.cl,True,COM-11,2026-01-16
CLI-0359,17.428.855-K,False,Paula Vergara Silva,pau.vergara@consultora.cl,True,COM-07,2026-04-11
CLI-0360,16.351.348-6,False,Javier Vergara Pérez,jav.vergara@consultora.cl,True,COM-10,2026-07-04
CLI-0361,18.066.386-0,False,Marcela Contreras Soto,mar.contreras@consultora.cl,True,COM-08,2026-03-07
CLI-0362,21.043.067-5,False,Gabriel Contreras López,gab.contreras@sura.cl,True,COM-14,2026-06-10
CLI-0363,18.770.320-1,False,Javiera Soto Silva,jav.soto@sura.cl,True,COM-10,2026-07-01
CLI-0364,18.809.561-9,False,Álvaro López Araya,alv.lopez@outlook.cl,True,COM-13,2026-03-13
CLI-0365,22.471.805-K,False,Carolina Silva Rodríguez,car.silva@consultora.cl,True,COM-07,2026-04-24
CLI-0366,20.368.247-9,False,Cristián Valenzuela Soto,cri.valenzuela@sura.cl,True,COM-14,2026-06-12
CLI-0367,18.892.472-7,True,Carolina Sepúlveda Araya,car.sepulveda@sura.cl,True,COM-07,2026-01-17
CLI-0368,13.611.488-2,False,Rodrigo Fuentes Rojas,rod.fuentes@outlook.cl,True,COM-13,2026-01-24
CLI-0369,17.544.238-6,False,Fernanda López Silva,fer.lopez@outlook.cl,True,COM-08,2026-07-16
CLI-0370,20.238.579-6,True,Felipe Díaz Rodríguez,fel.diaz@sura.cl,True,COM-02,2026-07-06
CLI-0371,12.170.250-5,False,Valentina Contreras Fuentes,val.contreras@gmail.com,True,COM-01,2026-06-18
CLI-0372,18.844.610-4,False,Tomas López Soto,tom.lopez@gmail.com,True,COM-13,2026-06-27
CLI-0373,21.710.466-4,False,Constanza Tapia Sepúlveda,con.tapia@gmail.com,True,COM-07,2026-06-06
CLI-0374,18.441.773-K,False,Cristián Valenzuela Valenzuela,cri.valenzuela@gmail.com,True,COM-07,2026-05-12
CLI-0375,16.201.734-5,False,Paula Morales Silva,pau.morales@empresa.cl,True,COM-01,2026-06-12
CLI-0376,20.923.128-9,False,Mauricio González Vergara,mau.gonzalez@empresa.cl,True,COM-13,2026-07-13
CLI-0377,13.127.689-6,False,Camila Rojas López,cam.rojas@consultora.cl,True,COM-02,2026-03-27
CLI-0378,12.819.085-3,False,Mauricio Rodríguez Rojas,mau.rodriguez@consultora.cl,True,COM-11,2026-03-26
CLI-0379,15.243.099-8,False,Carolina Espinoza Díaz,car.espinoza@consultora.cl,True,COM-06,2026-05-02
CLI-0380,12.340.018-9,False,Claudio Rojas Pérez,cla.rojas@empresa.cl,True,COM-01,2026-01-26
CLI-0381,19.227.000-9,False,Constanza Silva Muñoz,con.silva@sura.cl,True,COM-04,2026-02-25
CLI-0382,13.686.668-5,False,Ignacio Pérez Vergara,ign.perez@gmail.com,True,COM-15,2026-02-06
CLI-0383,11.155.046-6,False,Paula Fuentes Rojas,pau.fuentes@outlook.cl,True,COM-14,2026-02-18
CLI-0384,18.925.361-6,False,Mauricio Sepúlveda Rojas,mau.sepulveda@sura.cl,True,COM-01,2026-01-19
CLI-0385,17.830.539-7,False,Javiera Araya Rojas,jav.araya@consultora.cl,True,COM-11,2026-05-25
CLI-0386,15.107.618-7,False,Álvaro López Silva,alv.lopez@empresa.cl,True,COM-06,2026-02-24
CLI-0387,14.831.577-1,False,Marcela Rojas Muñoz,mar.rojas@sura.cl,True,COM-04,2026-02-17
CLI-0388,21.035.069-7,False,Gabriel Muñoz Espinoza,gab.munoz@gmail.com,True,COM-07,2026-07-11
CLI-0389,17.114.870-6,False,Javiera Espinoza Contreras,jav.espinoza@empresa.cl,True,COM-06,2026-02-16
CLI-0390,13.709.077-9,False,Cristián Soto Tapia,cri.soto@gmail.com,True,COM-05,2026-03-06
CLI-0391,12.727.815-0,False,Andrea Díaz Tapia,and.diaz@servicios.cl,True,COM-02,2026-01-06
CLI-0392,16.731.889-7,False,Mauricio Díaz Silva,mau.diaz@consultora.cl,True,COM-08,2026-07-17
CLI-0393,15.941.938-2,False,Catalina Espinoza Valenzuela,cat.espinoza@gmail.com,True,COM-11,2026-01-24
CLI-0394,13.214.911-5,False,Esteban Vergara Pérez,est.vergara@outlook.cl,True,COM-07,2026-05-07
CLI-0395,21.406.401-6,False,Carolina Araya López,car.araya@outlook.cl,True,COM-01,2026-01-11
CLI-0396,16.484.106-5,True,Esteban Díaz Rojas,est.diaz@consultora.cl,True,COM-11,2026-07-25
CLI-0397,11.947.956-9,False,Marcela Sepúlveda Pérez,mar.sepulveda@gmail.com,True,COM-10,2026-03-14
CLI-0398,14.084.888-K,False,Diego Contreras Araya,die.contreras@sura.cl,True,COM-05,2026-07-20
CLI-0399,22.392.295-7,False,Macarena Muñoz Morales,mac.munoz@consultora.cl,True,COM-07,2026-07-03
CLI-0400,13.411.907-8,False,Rodrigo Contreras Soto,rod.contreras@consultora.cl,True,COM-01,2026-05-18
CLI-0401,19.452.816-9,False,Paula Sepúlveda Sepúlveda,pau.sepulveda@sura.cl,True,COM-07,2026-04-21
CLI-0402,11.094.056-2,False,Javier Tapia Espinoza,jav.tapia@sura.cl,True,COM-13,2026-04-14
CLI-0403,14.637.441-K,False,Javiera Fuentes Morales,jav.fuentes@gmail.com,True,COM-02,2026-02-17
CLI-0404,21.906.214-3,False,Rodrigo Soto Vergara,rod.soto@servicios.cl,True,COM-12,2026-02-23
CLI-0405,19.780.884-9,False,Catalina Pérez Díaz,cat.perez@outlook.cl,True,COM-13,2026-03-17
CLI-0406,19.719.398-K,False,Hernán López Contreras,her.lopez@servicios.cl,True,COM-08,2026-04-14
CLI-0407,15.800.408-5,False,Beatriz Muñoz Díaz,bea.munoz@consultora.cl,True,COM-02,2026-02-05
CLI-0408,11.768.224-1,False,Hernán Fuentes Valenzuela,her.fuentes@sura.cl,True,COM-01,2026-02-02
CLI-0409,18.136.797-1,False,Catalina Rojas Sepúlveda,cat.rojas@gmail.com,True,COM-13,2026-06-19
CLI-0410,22.208.727-4,False,Cristián Espinoza Vergara,cri.espinoza@gmail.com,True,COM-06,2026-04-11
CLI-0411,12.693.162-2,False,Camila Espinoza Sepúlveda,cam.espinoza@outlook.cl,True,COM-06,2026-03-19
CLI-0412,17.952.914-2,False,Hernán González Contreras,her.gonzalez@gmail.com,True,COM-06,2026-07-16
CLI-0413,19.674.606-K,False,Francisca Silva Valenzuela,fra.silva@sura.cl,True,COM-13,2026-01-28
CLI-0414,22.376.288-1,False,Tomas Vergara Araya,tom.vergara@sura.cl,True,COM-06,2026-02-25
CLI-0415,13.265.380-1,True,Daniela López Silva,dan.lopez@servicios.cl,True,COM-10,2026-03-20
CLI-0416,13.658.191-7,False,Diego Morales López,die.morales@consultora.cl,True,COM-01,2026-04-13
CLI-0417,20.174.207-2,True,Fernanda Morales González,fer.morales@consultora.cl,True,COM-06,2026-03-18
CLI-0418,15.956.189-5,True,Sebastián Contreras Silva,seb.contreras@empresa.cl,True,COM-10,2026-04-26
CLI-0419,22.378.663-3,False,Javiera Díaz Rojas,jav.diaz@consultora.cl,True,COM-15,2026-04-03
CLI-0420,11.132.063-6,False,Cristián González Pérez,cri.gonzalez@servicios.cl,True,COM-13,2026-06-18
CLI-0421,16.930.582-3,False,Francisca Espinoza Rojas,fra.espinoza@consultora.cl,True,COM-14,2026-03-10
CLI-0422,15.950.657-5,False,Sebastián Valenzuela Sepúlveda,seb.valenzuela@gmail.com,True,COM-06,2026-04-01
CLI-0423,11.954.776-2,False,Carolina González Soto,car.gonzalez@gmail.com,True,COM-06,2026-04-20
CLI-0424,20.646.993-7,False,Diego Silva Araya,die.silva@servicios.cl,True,COM-01,2026-06-17
CLI-0425,11.750.197-7,False,Sofia Rodríguez Espinoza,sof.rodriguez@sura.cl,True,COM-11,2026-06-23
CLI-0426,11.770.984-4,False,Gabriel Muñoz Araya,gab.munoz@gmail.com,True,COM-02,2026-04-24
CLI-0427,19.079.232-2,False,Beatriz Araya Valenzuela,bea.araya@consultora.cl,True,COM-06,2026-03-08
CLI-0428,12.454.201-2,False,Felipe Soto Tapia,fel.soto@outlook.cl,True,COM-11,2026-05-07
CLI-0429,14.609.386-4,False,Francisca Silva Espinoza,fra.silva@outlook.cl,True,COM-05,2026-01-04
CLI-0430,20.676.953-3,False,Hernán Valenzuela Rodríguez,her.valenzuela@consultora.cl,True,COM-08,2026-07-25
CLI-0431,16.796.171-3,False,Macarena López Rojas,mac.lopez@outlook.cl,True,COM-14,2026-07-22
CLI-0432,12.444.565-7,False,Ignacio Contreras Silva,ign.contreras@outlook.cl,True,COM-02,2026-04-12
CLI-0433,13.949.475-4,False,Carolina Morales López,car.morales@outlook.cl,True,COM-11,2026-03-18
CLI-0434,17.921.702-3,True,Tomas Araya Pérez,tom.araya@servicios.cl,True,COM-01,2026-05-03
CLI-0435,13.271.733-3,False,Javiera Morales Díaz,jav.morales@sura.cl,True,COM-05,2026-07-25
CLI-0436,20.462.604-K,False,Rodrigo Valenzuela Valenzuela,rod.valenzuela@outlook.cl,True,COM-13,2026-04-22
CLI-0437,16.568.734-5,True,Daniela Rojas Contreras,dan.rojas@outlook.cl,True,COM-02,2026-02-20
CLI-0438,19.239.974-8,False,Gabriel González Muñoz,gab.gonzalez@sura.cl,True,COM-04,2026-07-12
CLI-0439,12.224.435-5,False,Marcela Rodríguez González,mar.rodriguez@sura.cl,True,COM-05,2026-01-25
CLI-0440,12.798.780-K,False,Claudio Contreras Díaz,cla.contreras@empresa.cl,True,COM-12,2026-01-15
CLI-0441,16.987.090-9,False,Macarena Soto Muñoz,mac.soto@outlook.cl,True,COM-05,2026-03-12
CLI-0442,12.592.377-0,False,Ignacio Soto Pérez,ign.soto@servicios.cl,True,COM-04,2026-07-02
CLI-0443,13.925.978-2,False,Paula Morales Pérez,pau.morales@consultora.cl,True,COM-10,2026-07-17
CLI-0444,16.653.101-9,False,Cristián Pérez Díaz,cri.perez@sura.cl,True,COM-02,2026-04-12
CLI-0445,21.230.920-5,False,Javiera López Vergara,jav.lopez@outlook.cl,True,COM-13,2026-07-23
CLI-0446,19.641.338-6,False,Diego López Araya,die.lopez@empresa.cl,True,COM-01,2026-01-11
CLI-0447,15.737.306-6,False,Andrea Araya Muñoz,and.araya@gmail.com,True,COM-04,2026-02-25
CLI-0448,16.879.611-K,False,Matías Sepúlveda Silva,mat.sepulveda@gmail.com,True,COM-01,2026-06-22
CLI-0449,12.545.104-9,False,Francisca Muñoz Sepúlveda,fra.munoz@servicios.cl,True,COM-12,2026-04-11
CLI-0450,16.327.799-3,False,Sebastián Sepúlveda Rojas,seb.sepulveda@empresa.cl,True,COM-15,2026-03-23
CLI-0451,16.063.861-7,False,Paula Silva Morales,pau.silva@outlook.cl,True,COM-04,2026-07-20
CLI-0452,12.813.546-K,False,Hernán Pérez Sepúlveda,her.perez@sura.cl,True,COM-11,2026-06-10
CLI-0453,20.046.968-0,False,Fernanda Muñoz Díaz,fer.munoz@outlook.cl,True,COM-10,2026-05-08
CLI-0454,16.780.298-1,False,Claudio Vergara González,cla.vergara@consultora.cl,True,COM-06,2026-05-25
CLI-0455,12.842.943-K,False,Constanza Muñoz López,con.munoz@sura.cl,True,COM-06,2026-06-23
CLI-0456,19.321.865-5,False,Gonzalo Espinoza Rojas,gon.espinoza@empresa.cl,True,COM-06,2026-01-19
CLI-0457,14.530.108-8,False,Paula Morales Muñoz,pau.morales@outlook.cl,True,COM-11,2026-06-13
CLI-0458,17.556.280-2,False,Gonzalo López Vergara,gon.lopez@empresa.cl,True,COM-12,2026-05-01
CLI-0459,13.677.685-7,False,Francisca Rodríguez Rodríguez,fra.rodriguez@empresa.cl,True,COM-04,2026-01-26
CLI-0460,21.978.377-3,False,Javier Fuentes Vergara,jav.fuentes@empresa.cl,True,COM-07,2026-03-14
CLI-0461,18.765.805-3,False,Loreto Muñoz Morales,lor.munoz@servicios.cl,True,COM-14,2026-03-03
CLI-0462,22.496.173-1,True,Claudio Contreras Rodríguez,cla.contreras@sura.cl,True,COM-07,2026-06-24
CLI-0463,12.080.467-K,False,Javiera Rodríguez Rojas,jav.rodriguez@empresa.cl,True,COM-14,2026-04-13
CLI-0464,22.205.910-K,False,Esteban Morales Muñoz,est.morales@servicios.cl,True,COM-13,2026-05-04
CLI-0465,20.227.925-4,False,Loreto Rodríguez Díaz,lor.rodriguez@servicios.cl,True,COM-08,2026-04-10
CLI-0466,19.767.846-K,False,Javier Soto Vergara,jav.soto@empresa.cl,True,COM-05,2026-04-15
CLI-0467,14.863.931-1,False,Valentina Muñoz Díaz,val.munoz@sura.cl,True,COM-10,2026-04-12
CLI-0468,21.727.277-4,False,Hernán Tapia Espinoza,her.tapia@sura.cl,True,COM-10,2026-02-15
CLI-0469,12.150.969-1,False,Valentina Silva Pérez,val.silva@sura.cl,True,COM-08,2026-05-19
CLI-0470,22.089.634-3,False,Matías Valenzuela Tapia,mat.valenzuela@gmail.com,True,COM-12,2026-03-17
CLI-0471,19.083.668-6,False,Beatriz González Sepúlveda,bea.gonzalez@servicios.cl,True,COM-05,2026-02-13
CLI-0472,12.218.638-K,False,Diego Rojas Vergara,die.rojas@empresa.cl,True,COM-07,2026-03-23
CLI-0473,21.856.829-7,True,Fernanda Rodríguez Fuentes,fer.rodriguez@empresa.cl,True,COM-04,2026-02-19
CLI-0474,16.989.738-2,False,Claudio Valenzuela López,cla.valenzuela@sura.cl,True,COM-06,2026-06-23
CLI-0475,14.508.733-0,False,Marcela Valenzuela Vergara,mar.valenzuela@consultora.cl,True,COM-13,2026-07-26
CLI-0476,15.017.305-3,False,Javier Soto Silva,jav.soto@servicios.cl,True,COM-14,2026-05-10
CLI-0477,14.114.949-7,False,Macarena Espinoza Espinoza,mac.espinoza@empresa.cl,True,COM-08,2026-07-02
CLI-0478,16.919.998-8,False,Matías Soto Vergara,mat.soto@gmail.com,True,COM-14,2026-05-07
CLI-0479,13.940.643-3,False,Valentina Pérez Espinoza,val.perez@empresa.cl,True,COM-11,2026-07-27
CLI-0480,17.082.484-5,False,Gabriel Sepúlveda Araya,gab.sepulveda@empresa.cl,True,COM-08,2026-02-07
CLI-0481,17.530.160-K,False,Francisca Rojas Sepúlveda,fra.rojas@consultora.cl,True,COM-08,2026-03-14
CLI-0482,11.634.869-2,False,Felipe Fuentes Tapia,fel.fuentes@empresa.cl,True,COM-02,2026-03-13
CLI-0483,19.242.265-4,False,Marcela Díaz Soto,mar.diaz@gmail.com,True,COM-14,2026-07-20
CLI-0484,17.976.596-0,False,Sebastián Fuentes Soto,seb.fuentes@sura.cl,True,COM-15,2026-05-05
CLI-0485,18.012.616-2,False,Daniela González Vergara,dan.gonzalez@gmail.com,True,COM-02,2026-07-07
CLI-0486,12.653.236-K,False,Javier Rodríguez Vergara,jav.rodriguez@consultora.cl,True,COM-08,2026-07-27
CLI-0487,17.871.403-2,False,Valentina Valenzuela Araya,val.valenzuela@gmail.com,True,COM-13,2026-07-02
CLI-0488,11.768.210-4,False,Tomas Soto González,tom.soto@outlook.cl,True,COM-14,2026-02-09
CLI-0489,14.106.242-5,True,Daniela Rodríguez Muñoz,dan.rodriguez@outlook.cl,True,COM-13,2026-05-25
CLI-0490,20.266.622-8,False,Sebastián López Morales,seb.lopez@gmail.com,True,COM-02,2026-06-17
CLI-0491,15.089.448-8,False,Constanza Morales López,con.morales@sura.cl,True,COM-01,2026-02-15
CLI-0492,13.317.013-0,False,Gonzalo Pérez Díaz,gon.perez@gmail.com,True,COM-13,2026-07-07
CLI-0493,21.725.442-1,False,Catalina Silva Díaz,cat.silva@outlook.cl,True,COM-01,2026-06-24
CLI-0494,12.587.011-9,False,Javier Araya Pérez,jav.araya@sura.cl,True,COM-05,2026-02-01
CLI-0495,20.881.696-6,False,Andrea López Rojas,and.lopez@servicios.cl,True,COM-15,2026-04-04
CLI-0496,17.187.426-6,False,Hernán Silva Muñoz,her.silva@gmail.com,True,COM-15,2026-07-17
CLI-0497,20.120.349-K,True,Daniela Muñoz Valenzuela,dan.munoz@empresa.cl,True,COM-04,2026-02-23
CLI-0498,13.327.454-4,False,Gabriel Vergara Araya,gab.vergara@empresa.cl,True,COM-01,2026-05-02
CLI-0499,19.819.983-0,False,Daniela Muñoz Araya,dan.munoz@gmail.com,True,COM-10,2026-06-12
CLI-0500,15.999.628-0,False,Rodrigo Soto González,rod.soto@servicios.cl,True,COM-14,2026-04-11
CLI-0501,19.855.454-8,False,Camila Díaz Fuentes,cam.diaz@empresa.cl,True,COM-10,2026-01-18
CLI-0502,14.838.575-4,False,Sebastián Araya Valenzuela,seb.araya@empresa.cl,True,COM-01,2026-06-01
CLI-0503,18.203.155-2,False,Marcela Pérez López,mar.perez@servicios.cl,True,COM-12,2026-06-09
CLI-0504,13.117.339-5,False,Tomas González Morales,tom.gonzalez@empresa.cl,True,COM-14,2026-07-26
CLI-0505,20.033.907-7,False,Carolina Fuentes Valenzuela,car.fuentes@servicios.cl,True,COM-15,2026-05-28
CLI-0506,15.319.162-9,False,Esteban Rodríguez Morales,est.rodriguez@servicios.cl,True,COM-08,2026-02-12
CLI-0507,17.104.152-7,False,Fernanda Rojas Araya,fer.rojas@outlook.cl,True,COM-08,2026-07-10
CLI-0508,16.568.024-6,False,Claudio Espinoza Valenzuela,cla.espinoza@outlook.cl,True,COM-01,2026-05-02
CLI-0509,12.905.286-7,False,Paula González Espinoza,pau.gonzalez@outlook.cl,True,COM-02,2026-07-05
CLI-0510,13.365.982-4,False,Esteban Contreras Morales,est.contreras@servicios.cl,True,COM-05,2026-05-15
CLI-0511,11.837.195-9,False,Javiera Sepúlveda Sepúlveda,jav.sepulveda@gmail.com,True,COM-15,2026-07-06
CLI-0512,14.590.258-1,False,Javier Rojas Espinoza,jav.rojas@empresa.cl,True,COM-10,2026-04-25
CLI-0513,16.790.585-1,False,Carolina Tapia Rodríguez,car.tapia@outlook.cl,True,COM-06,2026-05-10
CLI-0514,19.362.264-8,False,Matías Rojas Rodríguez,mat.rojas@empresa.cl,True,COM-07,2026-01-07
CLI-0515,13.832.868-7,False,Beatriz Tapia Morales,bea.tapia@servicios.cl,True,COM-14,2026-03-16
CLI-0516,11.685.287-7,False,Ignacio Pérez Tapia,ign.perez@empresa.cl,True,COM-15,2026-01-06
CLI-0517,14.055.883-K,False,Sofia Morales González,sof.morales@servicios.cl,True,COM-08,2026-05-19
CLI-0518,14.290.806-6,False,Gabriel Soto Valenzuela,gab.soto@sura.cl,True,COM-10,2026-07-06
CLI-0519,20.767.455-0,False,Javiera Díaz Muñoz,jav.diaz@servicios.cl,True,COM-14,2026-06-05
CLI-0520,11.115.623-8,False,Mauricio Soto Pérez,mau.soto@servicios.cl,True,COM-05,2026-03-19
CLI-0521,21.373.232-6,False,Marcela Pérez López,mar.perez@sura.cl,True,COM-07,2026-01-12
CLI-0522,16.734.602-0,False,Ignacio Pérez Vergara,ign.perez@empresa.cl,True,COM-12,2026-07-25
CLI-0523,15.160.951-5,False,Paula Silva Rodríguez,pau.silva@gmail.com,True,COM-05,2026-04-18
CLI-0524,17.279.773-9,False,Sebastián Contreras Sepúlveda,seb.contreras@outlook.cl,True,COM-11,2026-03-07
CLI-0525,17.148.986-5,True,Andrea Morales Díaz,and.morales@outlook.cl,True,COM-04,2026-04-22
CLI-0526,15.570.317-9,False,Diego Araya Morales,die.araya@gmail.com,True,COM-05,2026-07-17
CLI-0527,18.477.147-3,False,Daniela Contreras Rodríguez,dan.contreras@gmail.com,True,COM-02,2026-05-03
CLI-0528,21.792.962-8,True,Esteban Soto Vergara,est.soto@empresa.cl,True,COM-08,2026-06-11
CLI-0529,11.109.485-6,False,Constanza Araya Silva,con.araya@gmail.com,True,COM-11,2026-04-18
CLI-0530,16.210.224-6,False,Mauricio Morales González,mau.morales@sura.cl,True,COM-10,2026-02-21
CLI-0531,22.006.541-5,False,Loreto Sepúlveda Sepúlveda,lor.sepulveda@sura.cl,True,COM-04,2026-03-16
CLI-0532,14.693.736-7,False,Rodrigo Espinoza Vergara,rod.espinoza@gmail.com,True,COM-04,2026-02-06
CLI-0533,13.968.025-9,False,Francisca Vergara Valenzuela,fra.vergara@gmail.com,True,COM-01,2026-03-25
CLI-0534,18.798.805-9,False,Hernán Espinoza Soto,her.espinoza@sura.cl,True,COM-11,2026-05-19
CLI-0535,21.204.928-8,False,Andrea López Fuentes,and.lopez@sura.cl,True,COM-15,2026-07-20
CLI-0536,17.286.867-9,False,Álvaro Pérez Vergara,alv.perez@gmail.com,True,COM-01,2026-03-13
CLI-0537,18.115.354-6,False,Loreto Sepúlveda Rojas,lor.sepulveda@outlook.cl,True,COM-14,2026-03-17
CLI-0538,11.455.790-3,False,Gabriel Rojas Rojas,gab.rojas@outlook.cl,True,COM-13,2026-03-24
CLI-0539,19.734.827-9,False,Francisca Valenzuela Valenzuela,fra.valenzuela@servicios.cl,True,COM-10,2026-05-08
CLI-0540,22.221.584-1,False,Tomas Contreras Muñoz,tom.contreras@empresa.cl,True,COM-14,2026-07-17
CLI-0541,12.665.727-0,False,Macarena Tapia Valenzuela,mac.tapia@servicios.cl,True,COM-07,2026-07-04
CLI-0542,14.746.278-4,False,Tomas Rodríguez Muñoz,tom.rodriguez@sura.cl,True,COM-15,2026-02-09
CLI-0543,18.580.834-7,False,Andrea Pérez López,and.perez@outlook.cl,True,COM-12,2026-04-28
CLI-0544,12.308.398-2,False,Gabriel López Vergara,gab.lopez@empresa.cl,True,COM-04,2026-07-21
CLI-0545,11.855.680-0,False,Francisca Silva Rodríguez,fra.silva@consultora.cl,True,COM-05,2026-06-12
CLI-0546,22.262.140-4,False,Ignacio González Fuentes,ign.gonzalez@gmail.com,True,COM-04,2026-04-19
CLI-0547,11.894.967-4,False,Valentina Araya Araya,val.araya@gmail.com,True,COM-11,2026-02-10
CLI-0548,11.496.340-5,False,Tomas Vergara Rodríguez,tom.vergara@gmail.com,True,COM-02,2026-03-27
CLI-0549,16.714.058-4,False,Macarena Sepúlveda Vergara,mac.sepulveda@gmail.com,True,COM-05,2026-04-24
CLI-0550,21.818.532-4,False,Javier Vergara Araya,jav.vergara@gmail.com,True,COM-04,2026-04-13
CLI-0551,16.677.110-8,False,Sofia Espinoza Pérez,sof.espinoza@sura.cl,True,COM-14,2026-07-05
CLI-0552,13.503.749-2,False,Gonzalo Silva Silva,gon.silva@gmail.com,True,COM-02,2026-02-22
CLI-0553,11.371.492-K,False,Catalina Silva Araya,cat.silva@empresa.cl,True,COM-11,2026-04-14
CLI-0554,18.349.367-1,True,Mauricio Rodríguez Sepúlveda,mau.rodriguez@consultora.cl,True,COM-07,2026-07-04
CLI-0555,17.658.967-3,False,Francisca González Espinoza,fra.gonzalez@outlook.cl,True,COM-15,2026-01-17
CLI-0556,19.427.433-5,True,Gonzalo Vergara Rojas,gon.vergara@consultora.cl,True,COM-07,2026-03-10
CLI-0557,21.409.726-8,False,Andrea Contreras Morales,and.contreras@gmail.com,True,COM-05,2026-06-24
CLI-0558,14.592.281-K,True,Cristián López Vergara,cri.lopez@gmail.com,True,COM-06,2026-06-02
CLI-0559,16.570.174-3,False,Catalina Araya Morales,cat.araya@sura.cl,True,COM-10,2026-07-28
CLI-0560,14.320.931-0,False,Esteban Sepúlveda Morales,est.sepulveda@outlook.cl,True,COM-04,2026-03-17
CLI-0561,14.622.252-K,False,Daniela Sepúlveda Morales,dan.sepulveda@outlook.cl,True,COM-10,2026-04-14
CLI-0562,17.564.282-1,False,Claudio Silva González,cla.silva@sura.cl,True,COM-05,2026-05-05
CLI-0563,13.994.580-1,False,Camila Morales González,cam.morales@servicios.cl,True,COM-14,2026-05-04
CLI-0564,13.044.924-9,False,Gonzalo Araya Sepúlveda,gon.araya@gmail.com,True,COM-12,2026-06-09
CLI-0565,20.589.402-2,False,Loreto Silva Araya,lor.silva@gmail.com,True,COM-14,2026-07-02
CLI-0566,18.519.776-2,False,Ignacio Araya Rojas,ign.araya@servicios.cl,True,COM-07,2026-06-16
CLI-0567,18.568.719-4,False,Catalina Muñoz Muñoz,cat.munoz@gmail.com,True,COM-04,2026-02-06
CLI-0568,20.692.778-7,False,Felipe Silva Morales,fel.silva@outlook.cl,True,COM-12,2026-06-25
CLI-0569,12.592.312-3,False,Marcela Morales Rodríguez,mar.morales@empresa.cl,True,COM-15,2026-06-24
CLI-0570,21.384.372-2,False,Álvaro Tapia Morales,alv.tapia@gmail.com,True,COM-06,2026-01-01
CLI-0571,11.817.630-6,False,Carolina Espinoza Espinoza,car.espinoza@empresa.cl,True,COM-12,2026-02-21
CLI-0572,20.122.214-9,False,Tomas Silva Soto,tom.silva@outlook.cl,True,COM-10,2026-02-15
CLI-0573,16.510.482-0,False,Loreto Araya Pérez,lor.araya@sura.cl,True,COM-10,2026-01-13
CLI-0574,18.156.584-1,False,Rodrigo Soto Sepúlveda,rod.soto@sura.cl,True,COM-06,2026-02-17
CLI-0575,14.042.889-8,False,Beatriz Silva Díaz,bea.silva@empresa.cl,True,COM-15,2026-02-14
CLI-0576,18.401.624-8,False,Claudio Díaz Tapia,cla.diaz@empresa.cl,True,COM-14,2026-05-13
CLI-0577,16.299.256-3,False,Fernanda Soto Tapia,fer.soto@empresa.cl,True,COM-11,2026-07-17
CLI-0578,18.129.373-8,False,Mauricio Contreras Valenzuela,mau.contreras@outlook.cl,True,COM-08,2026-07-19
CLI-0579,16.779.465-4,False,Sofia López Muñoz,sof.lopez@consultora.cl,True,COM-04,2026-01-22
CLI-0580,20.920.402-8,False,Matías Fuentes Araya,mat.fuentes@servicios.cl,True,COM-13,2026-04-22
CLI-0581,17.882.605-5,False,Francisca Pérez Valenzuela,fra.perez@consultora.cl,True,COM-05,2026-02-16
CLI-0582,19.499.949-6,True,Diego Rojas Araya,die.rojas@outlook.cl,True,COM-15,2026-06-18
CLI-0583,17.018.530-4,False,Loreto Espinoza Soto,lor.espinoza@servicios.cl,True,COM-12,2026-07-03
CLI-0584,21.481.289-9,False,Diego Pérez Valenzuela,die.perez@consultora.cl,True,COM-14,2026-05-22
CLI-0585,14.609.189-2,False,Paula López González,pau.lopez@sura.cl,True,COM-10,2026-04-27
CLI-0586,13.745.009-7,True,Diego Espinoza Silva,die.espinoza@outlook.cl,True,COM-13,2026-01-07
CLI-0587,21.183.521-3,False,Fernanda Rodríguez Contreras,fer.rodriguez@consultora.cl,True,COM-12,2026-04-22
CLI-0588,20.005.286-7,False,Claudio Pérez López,cla.perez@gmail.com,True,COM-11,2026-03-24
CLI-0589,20.901.942-9,False,Paula Pérez Morales,pau.perez@outlook.cl,True,COM-10,2026-02-20
CLI-0590,13.658.110-1,False,Felipe Vergara Silva,fel.vergara@gmail.com,True,COM-07,2026-02-16
CLI-0591,19.000.979-6,False,Constanza Fuentes Contreras,con.fuentes@outlook.cl,True,COM-10,2026-01-15
CLI-0592,20.942.549-4,False,Sebastián Pérez Contreras,seb.perez@empresa.cl,True,COM-04,2026-07-26
CLI-0593,18.506.049-K,False,Macarena Sepúlveda Díaz,mac.sepulveda@gmail.com,True,COM-13,2026-07-07
CLI-0594,11.784.698-7,False,Esteban Muñoz Vergara,est.munoz@servicios.cl,True,COM-04,2026-07-13
CLI-0595,14.504.587-8,True,Carolina Soto Espinoza,car.soto@empresa.cl,True,COM-06,2026-06-16
CLI-0596,15.835.786-0,True,Ignacio López Morales,ign.lopez@outlook.cl,True,COM-02,2026-01-21
CLI-0597,14.527.558-5,False,Constanza López Morales,con.lopez@servicios.cl,True,COM-15,2026-07-01
CLI-0598,22.427.853-5,True,Mauricio Tapia Pérez,mau.tapia@outlook.cl,True,COM-07,2026-05-28
CLI-0599,15.101.992-1,False,Macarena Díaz Vergara,mac.diaz@consultora.cl,True,COM-04,2026-03-10
CLI-0600,18.725.853-K,False,Claudio González Silva,cla.gonzalez@sura.cl,True,COM-05,2026-07-11
CLI-0601,16.406.929-5,False,Macarena Tapia Silva,mac.tapia@gmail.com,True,COM-01,2026-01-14
CLI-0602,16.363.883-7,False,Ignacio Rodríguez Araya,ign.rodriguez@sura.cl,True,COM-04,2026-05-03
CLI-0603,15.504.619-7,False,Francisca Araya Sepúlveda,fra.araya@empresa.cl,True,COM-15,2026-03-15
CLI-0604,13.776.102-7,False,Álvaro Morales López,alv.morales@gmail.com,True,COM-13,2026-01-09
CLI-0605,17.476.191-4,True,Sofia Muñoz Soto,sof.munoz@outlook.cl,True,COM-01,2026-02-06
CLI-0606,11.329.226-8,False,Tomas Soto Pérez,tom.soto@gmail.com,True,COM-14,2026-04-18
CLI-0607,13.781.787-4,False,Francisca Muñoz Soto,fra.munoz@gmail.com,True,COM-11,2026-04-17
CLI-0608,14.857.626-1,False,Gabriel Silva Espinoza,gab.silva@empresa.cl,True,COM-06,2026-07-01
CLI-0609,11.523.517-0,False,Carolina Araya Pérez,car.araya@consultora.cl,True,COM-11,2026-07-11
CLI-0610,14.774.123-3,False,Álvaro Sepúlveda López,alv.sepulveda@consultora.cl,True,COM-04,2026-05-12
CLI-0611,18.435.178-1,True,Catalina Soto Espinoza,cat.soto@sura.cl,True,COM-07,2026-07-04
CLI-0612,20.639.838-0,False,Ignacio Díaz González,ign.diaz@outlook.cl,True,COM-05,2026-07-21
CLI-0613,22.276.530-K,False,Valentina Rojas González,val.rojas@gmail.com,True,COM-04,2026-01-06
CLI-0614,21.648.841-5,True,Gonzalo Espinoza Vergara,gon.espinoza@servicios.cl,True,COM-01,2026-04-28
CLI-0615,19.533.094-4,False,Constanza Silva González,con.silva@consultora.cl,True,COM-02,2026-06-11
CLI-0616,12.785.688-8,False,Claudio Tapia Morales,cla.tapia@outlook.cl,True,COM-10,2026-02-11
CLI-0617,22.488.731-4,False,Macarena Soto Araya,mac.soto@sura.cl,True,COM-14,2026-02-04
CLI-0618,16.358.929-4,False,Matías Muñoz Rodríguez,mat.munoz@consultora.cl,True,COM-15,2026-04-24
CLI-0619,14.214.378-9,False,Marcela Espinoza Valenzuela,mar.espinoza@consultora.cl,True,COM-11,2026-06-15
CLI-0620,11.590.111-7,True,Gonzalo Muñoz Sepúlveda,gon.munoz@consultora.cl,True,COM-02,2026-05-03
CLI-0621,17.415.100-2,False,Marcela Valenzuela González,mar.valenzuela@sura.cl,True,COM-10,2026-04-20
CLI-0622,18.405.031-4,False,Álvaro Tapia Rojas,alv.tapia@servicios.cl,True,COM-14,2026-03-12
CLI-0623,19.349.246-8,False,Andrea Silva Silva,and.silva@empresa.cl,True,COM-15,2026-04-22
CLI-0624,22.290.123-7,False,Sebastián Valenzuela Morales,seb.valenzuela@sura.cl,True,COM-14,2026-04-14
CLI-0625,13.738.328-0,False,Sofia Tapia Espinoza,sof.tapia@outlook.cl,True,COM-11,2026-05-07
CLI-0626,18.314.224-8,False,Gonzalo Silva Silva,gon.silva@consultora.cl,True,COM-11,2026-07-25
CLI-0627,17.267.821-3,False,Catalina Rodríguez Tapia,cat.rodriguez@gmail.com,True,COM-12,2026-01-18
CLI-0628,18.077.884-K,False,Tomas Muñoz Valenzuela,tom.munoz@gmail.com,True,COM-02,2026-03-28
CLI-0629,16.213.253-9,True,Catalina Valenzuela Valenzuela,cat.valenzuela@consultora.cl,True,COM-11,2026-05-16
CLI-0630,11.748.830-1,False,Cristián Espinoza Muñoz,cri.espinoza@consultora.cl,True,COM-05,2026-04-19
CLI-0631,16.853.495-8,False,Catalina Muñoz Araya,cat.munoz@gmail.com,True,COM-01,2026-01-05
CLI-0632,20.604.176-8,False,Mauricio Muñoz Espinoza,mau.munoz@consultora.cl,True,COM-06,2026-06-09
CLI-0633,20.201.217-7,False,Macarena López López,mac.lopez@servicios.cl,True,COM-12,2026-03-26
CLI-0634,19.956.154-K,False,Cristián Silva López,cri.silva@consultora.cl,True,COM-08,2026-05-24
CLI-0635,14.910.269-7,False,Andrea Morales Soto,and.morales@sura.cl,True,COM-01,2026-07-14
CLI-0636,21.472.222-2,False,Ignacio López Soto,ign.lopez@empresa.cl,True,COM-07,2026-04-19
CLI-0637,18.307.928-2,False,Catalina Pérez Sepúlveda,cat.perez@empresa.cl,True,COM-14,2026-03-07
CLI-0638,12.882.211-1,False,Javier Soto Silva,jav.soto@consultora.cl,True,COM-08,2026-05-12
CLI-0639,15.054.974-8,False,Valentina Contreras Díaz,val.contreras@outlook.cl,True,COM-08,2026-07-07
CLI-0640,15.623.137-7,False,Gabriel Araya Rojas,gab.araya@servicios.cl,True,COM-06,2026-05-21
CLI-0641,20.539.681-6,False,Beatriz Contreras González,bea.contreras@sura.cl,True,COM-02,2026-02-15
CLI-0642,21.871.275-1,False,Matías Contreras Sepúlveda,mat.contreras@outlook.cl,True,COM-01,2026-02-11
CLI-0643,21.504.667-4,False,Macarena Pérez Sepúlveda,mac.perez@servicios.cl,True,COM-08,2026-02-07
CLI-0644,18.142.181-5,False,Felipe Contreras Vergara,fel.contreras@sura.cl,True,COM-12,2026-03-06
CLI-0645,17.118.066-0,False,Loreto Espinoza González,lor.espinoza@empresa.cl,True,COM-11,2026-02-19
CLI-0646,17.267.663-1,False,Ignacio Rodríguez Contreras,ign.rodriguez@sura.cl,True,COM-06,2026-05-24
CLI-0647,18.312.634-3,False,Paula Rojas López,pau.rojas@sura.cl,True,COM-12,2026-07-19
CLI-0648,14.557.496-K,True,Hernán Rodríguez Contreras,her.rodriguez@consultora.cl,True,COM-07,2026-06-23
CLI-0649,18.554.186-9,False,Francisca Morales Fuentes,fra.morales@gmail.com,True,COM-12,2026-02-28
CLI-0650,12.365.915-7,False,Tomas Rodríguez Araya,tom.rodriguez@servicios.cl,True,COM-04,2026-06-16
CLI-0651,12.657.047-1,False,Daniela Rodríguez Contreras,dan.rodriguez@consultora.cl,True,COM-15,2026-04-25
CLI-0652,18.329.058-1,False,Felipe Fuentes Espinoza,fel.fuentes@gmail.com,True,COM-02,2026-05-12
CLI-0653,20.008.964-3,False,Javiera Díaz Silva,jav.diaz@gmail.com,True,COM-14,2026-07-18
CLI-0654,15.566.692-2,False,Ignacio Díaz Contreras,ign.diaz@sura.cl,True,COM-07,2026-02-09
CLI-0655,15.201.661-9,False,Sofia Sepúlveda Muñoz,sof.sepulveda@outlook.cl,True,COM-06,2026-04-05
CLI-0656,16.778.493-4,False,Felipe González Fuentes,fel.gonzalez@servicios.cl,True,COM-06,2026-01-02
CLI-0657,13.008.833-3,True,Andrea Pérez Contreras,and.perez@sura.cl,True,COM-01,2026-04-25
CLI-0658,19.527.046-6,False,Matías Muñoz Fuentes,mat.munoz@gmail.com,True,COM-10,2026-07-25
CLI-0659,16.449.603-4,False,Beatriz Pérez Silva,bea.perez@gmail.com,True,COM-08,2026-06-22
CLI-0660,21.146.164-1,False,Claudio Sepúlveda Tapia,cla.sepulveda@outlook.cl,True,COM-10,2026-06-13
CLI-0661,15.955.249-4,False,Paula Valenzuela Valenzuela,pau.valenzuela@gmail.com,True,COM-14,2026-04-16
CLI-0662,11.347.095-9,False,Ignacio Silva Díaz,ign.silva@gmail.com,True,COM-06,2026-05-27
CLI-0663,21.645.631-9,True,Fernanda Tapia Rodríguez,fer.tapia@servicios.cl,True,COM-04,2026-05-12
CLI-0664,17.746.452-8,False,Claudio González Morales,cla.gonzalez@outlook.cl,True,COM-06,2026-04-22
CLI-0665,16.674.344-9,False,Catalina Silva Rodríguez,cat.silva@sura.cl,True,COM-10,2026-01-19
CLI-0666,17.907.842-1,False,Álvaro Araya Soto,alv.araya@gmail.com,True,COM-11,2026-06-24
CLI-0667,19.125.938-9,False,Macarena Pérez Díaz,mac.perez@servicios.cl,True,COM-07,2026-05-24
CLI-0668,17.238.764-2,False,Álvaro Fuentes Araya,alv.fuentes@empresa.cl,True,COM-05,2026-07-20
CLI-0669,15.607.588-8,False,Marcela Araya Pérez,mar.araya@gmail.com,True,COM-04,2026-02-21
CLI-0670,13.199.497-2,False,Gabriel Espinoza Araya,gab.espinoza@outlook.cl,True,COM-05,2026-01-15
CLI-0671,20.269.552-1,False,Daniela Morales Valenzuela,dan.morales@consultora.cl,True,COM-07,2026-03-05
CLI-0672,22.117.907-7,False,Rodrigo Contreras Sepúlveda,rod.contreras@consultora.cl,True,COM-15,2026-01-15
CLI-0673,18.786.048-7,False,Macarena Sepúlveda Sepúlveda,mac.sepulveda@consultora.cl,True,COM-14,2026-05-18
CLI-0674,11.429.457-0,False,Esteban Araya Rodríguez,est.araya@sura.cl,True,COM-13,2026-05-11
CLI-0675,14.794.638-1,False,Catalina Díaz Sepúlveda,cat.diaz@servicios.cl,True,COM-04,2026-07-20
CLI-0676,14.186.186-0,False,Mauricio González López,mau.gonzalez@consultora.cl,True,COM-15,2026-03-14
CLI-0677,15.399.265-1,False,Valentina Pérez López,val.perez@empresa.cl,True,COM-02,2026-06-10
CLI-0678,15.831.076-1,False,Tomas Muñoz Pérez,tom.munoz@servicios.cl,True,COM-08,2026-03-07
CLI-0679,16.870.633-5,False,Loreto Morales Díaz,lor.morales@gmail.com,True,COM-10,2026-04-22
CLI-0680,12.277.419-6,False,Mauricio Espinoza Pérez,mau.espinoza@empresa.cl,True,COM-02,2026-05-28
CLI-0681,14.317.116-3,False,Marcela Espinoza Rodríguez,mar.espinoza@empresa.cl,True,COM-11,2026-06-20
CLI-0682,13.452.058-2,True,Cristián González Muñoz,cri.gonzalez@outlook.cl,True,COM-10,2026-01-02
CLI-0683,17.993.339-9,False,Francisca Silva Contreras,fra.silva@sura.cl,True,COM-06,2026-04-27
CLI-0684,15.205.400-3,False,Diego Espinoza Vergara,die.espinoza@sura.cl,True,COM-07,2026-05-23
CLI-0685,22.218.806-5,False,Daniela Vergara Soto,dan.vergara@gmail.com,True,COM-08,2026-02-14
CLI-0686,18.135.952-3,False,Esteban Sepúlveda Araya,est.sepulveda@sura.cl,True,COM-01,2026-02-10
CLI-0687,14.683.944-7,False,Fernanda Valenzuela Muñoz,fer.valenzuela@gmail.com,True,COM-11,2026-04-25
CLI-0688,13.155.270-5,False,Felipe Vergara Silva,fel.vergara@gmail.com,True,COM-05,2026-03-17
CLI-0689,13.560.270-4,False,Beatriz Tapia Tapia,bea.tapia@servicios.cl,True,COM-15,2026-07-28
CLI-0690,14.660.453-8,False,Matías Vergara Soto,mat.vergara@sura.cl,True,COM-06,2026-02-14
CLI-0691,16.286.124-6,False,Javiera Muñoz Rodríguez,jav.munoz@gmail.com,True,COM-07,2026-04-21
CLI-0692,15.508.689-5,False,Álvaro Tapia Díaz,alv.tapia@sura.cl,True,COM-14,2026-03-12
CLI-0693,20.087.213-1,False,Constanza Rojas Vergara,con.rojas@servicios.cl,True,COM-15,2026-06-21
CLI-0694,16.050.608-1,False,Sebastián Valenzuela Rojas,seb.valenzuela@gmail.com,True,COM-15,2026-06-27
CLI-0695,22.064.179-3,False,Sofia Rodríguez Vergara,sof.rodriguez@servicios.cl,True,COM-05,2026-07-03
CLI-0696,19.743.139-4,False,Rodrigo Fuentes Vergara,rod.fuentes@outlook.cl,True,COM-15,2026-07-05
CLI-0697,17.104.224-5,False,Carolina Fuentes Valenzuela,car.fuentes@empresa.cl,True,COM-10,2026-06-24
CLI-0698,19.008.702-7,False,Claudio Vergara Espinoza,cla.vergara@gmail.com,True,COM-10,2026-06-09
CLI-0699,22.103.785-5,True,Camila Morales Tapia,cam.morales@consultora.cl,True,COM-10,2026-07-18
CLI-0700,19.062.672-8,False,Mauricio González Silva,mau.gonzalez@outlook.cl,True,COM-06,2026-02-13
CLI-0701,15.196.514-5,False,Constanza López Díaz,con.lopez@servicios.cl,True,COM-05,2026-04-09
CLI-0702,12.087.846-7,False,Diego Pérez Espinoza,die.perez@servicios.cl,True,COM-12,2026-05-05
CLI-0703,17.006.297-5,False,Macarena Rojas Vergara,mac.rojas@gmail.com,True,COM-13,2026-06-24
CLI-0704,18.102.378-1,False,Gabriel López Rodríguez,gab.lopez@consultora.cl,True,COM-11,2026-07-22
CLI-0705,13.137.317-K,False,Marcela Fuentes Rodríguez,mar.fuentes@sura.cl,True,COM-02,2026-06-26
CLI-0706,20.670.432-3,False,Rodrigo Silva González,rod.silva@gmail.com,True,COM-10,2026-04-12
CLI-0707,21.668.331-2,False,Macarena Tapia Rodríguez,mac.tapia@servicios.cl,True,COM-10,2026-07-14
CLI-0708,14.442.129-8,False,Claudio Rodríguez Vergara,cla.rodriguez@sura.cl,True,COM-11,2026-03-09
CLI-0709,15.793.359-4,False,Camila Morales Sepúlveda,cam.morales@consultora.cl,True,COM-11,2026-02-06
CLI-0710,14.033.341-K,False,Gabriel Díaz Valenzuela,gab.diaz@sura.cl,True,COM-15,2026-03-15
CLI-0711,13.292.673-5,True,Javiera Soto López,jav.soto@servicios.cl,True,COM-05,2026-07-02
CLI-0712,12.130.613-7,False,Esteban Contreras Contreras,est.contreras@gmail.com,True,COM-08,2026-04-07
CLI-0713,11.789.099-K,False,Constanza Rodríguez Morales,con.rodriguez@gmail.com,True,COM-08,2026-06-20
CLI-0714,21.929.445-1,False,Tomas Contreras Pérez,tom.contreras@servicios.cl,True,COM-11,2026-03-01
CLI-0715,11.711.201-3,False,Catalina Sepúlveda Sepúlveda,cat.sepulveda@outlook.cl,True,COM-15,2026-03-18
CLI-0716,11.356.961-4,False,Javier Muñoz Valenzuela,jav.munoz@gmail.com,True,COM-07,2026-05-28
CLI-0717,15.362.740-2,False,Carolina Araya Muñoz,car.araya@servicios.cl,True,COM-10,2026-03-26
CLI-0718,17.847.176-8,False,Felipe Tapia Espinoza,fel.tapia@gmail.com,True,COM-04,2026-04-05
CLI-0719,21.116.953-6,False,Javiera Araya Valenzuela,jav.araya@outlook.cl,True,COM-01,2026-07-16
CLI-0720,21.343.443-K,False,Ignacio Espinoza Contreras,ign.espinoza@outlook.cl,True,COM-04,2026-03-14
CLI-0721,15.884.916-5,False,Camila Fuentes Vergara,cam.fuentes@outlook.cl,True,COM-13,2026-01-13
CLI-0722,14.557.116-9,False,Gonzalo Díaz Tapia,gon.diaz@gmail.com,True,COM-04,2026-04-16
CLI-0723,21.504.216-K,False,Macarena Rodríguez Díaz,mac.rodriguez@servicios.cl,True,COM-11,2026-01-05
CLI-0724,17.181.860-9,False,Ignacio Pérez Muñoz,ign.perez@gmail.com,True,COM-12,2026-05-08
CLI-0725,16.481.237-2,False,Valentina Rojas Vergara,val.rojas@empresa.cl,True,COM-15,2026-03-09
CLI-0726,21.921.753-0,False,Gonzalo Contreras González,gon.contreras@gmail.com,True,COM-01,2026-02-08
CLI-0727,12.684.699-1,True,Camila Rojas Tapia,cam.rojas@gmail.com,True,COM-12,2026-03-16
CLI-0728,15.251.345-3,True,Claudio Araya Fuentes,cla.araya@outlook.cl,True,COM-02,2026-02-15
CLI-0729,19.479.808-K,False,Javiera Silva Araya,jav.silva@gmail.com,True,COM-15,2026-05-19
CLI-0730,16.460.400-8,False,Hernán Araya Silva,her.araya@outlook.cl,True,COM-01,2026-02-27
CLI-0731,15.595.705-8,False,Paula Muñoz Pérez,pau.munoz@empresa.cl,True,COM-12,2026-01-25
CLI-0732,19.077.235-7,True,Ignacio Vergara González,ign.vergara@outlook.cl,True,COM-02,2026-04-13
CLI-0733,21.006.193-8,False,Beatriz Valenzuela Rodríguez,bea.valenzuela@servicios.cl,True,COM-01,2026-03-23
CLI-0734,18.661.277-6,False,Álvaro Contreras Pérez,alv.contreras@consultora.cl,True,COM-01,2026-06-07
CLI-0735,22.321.388-5,False,Daniela Muñoz Pérez,dan.munoz@sura.cl,True,COM-15,2026-06-03
CLI-0736,11.394.486-4,False,Ignacio Pérez Rodríguez,ign.perez@consultora.cl,True,COM-14,2026-07-24
CLI-0737,15.578.153-2,False,Marcela Valenzuela Muñoz,mar.valenzuela@servicios.cl,True,COM-06,2026-02-12
CLI-0738,19.556.534-4,False,Matías Valenzuela Araya,mat.valenzuela@empresa.cl,True,COM-13,2026-03-20
CLI-0739,21.664.994-6,False,Francisca Contreras Vergara,fra.contreras@consultora.cl,True,COM-12,2026-07-09
CLI-0740,16.617.720-K,False,Sebastián López Espinoza,seb.lopez@servicios.cl,True,COM-01,2026-03-02
CLI-0741,13.374.637-1,False,Valentina Silva Soto,val.silva@consultora.cl,True,COM-06,2026-01-18
CLI-0742,19.637.927-2,False,Sebastián Pérez Contreras,seb.perez@outlook.cl,True,COM-11,2026-02-28
CLI-0743,13.705.155-9,True,Catalina Rodríguez Fuentes,cat.rodriguez@consultora.cl,True,COM-04,2026-01-26
CLI-0744,16.186.901-1,False,Javier López Fuentes,jav.lopez@sura.cl,True,COM-13,2026-04-05
CLI-0745,12.406.274-K,False,Daniela Muñoz González,dan.munoz@sura.cl,True,COM-01,2026-07-22
CLI-0746,11.365.738-5,False,Diego Valenzuela López,die.valenzuela@outlook.cl,True,COM-11,2026-05-21
CLI-0747,14.068.812-0,False,Andrea Contreras Díaz,and.contreras@empresa.cl,True,COM-08,2026-03-19
CLI-0748,14.151.650-3,False,Esteban González González,est.gonzalez@servicios.cl,True,COM-12,2026-07-16
CLI-0749,20.261.325-7,False,Javiera Vergara Rojas,jav.vergara@consultora.cl,True,COM-01,2026-05-07
CLI-0750,11.158.641-2,False,Diego Araya Espinoza,die.araya@empresa.cl,True,COM-05,2026-02-19
CLI-0751,13.978.939-6,False,Sofia Silva Vergara,sof.silva@gmail.com,True,COM-10,2026-05-12
CLI-0752,20.139.527-6,False,Matías Díaz Sepúlveda,mat.diaz@consultora.cl,True,COM-08,2026-06-03
CLI-0753,11.390.200-1,False,Sofia López Pérez,sof.lopez@gmail.com,True,COM-12,2026-06-28
CLI-0754,19.874.701-7,True,Claudio Muñoz Sepúlveda,cla.munoz@consultora.cl,True,COM-04,2026-03-16
CLI-0755,20.274.430-9,False,Francisca Díaz González,fra.diaz@outlook.cl,True,COM-10,2026-04-18
CLI-0756,22.490.862-3,False,Esteban Contreras Contreras,est.contreras@sura.cl,True,COM-01,2026-07-14
CLI-0757,16.695.468-8,False,Loreto Rodríguez Morales,lor.rodriguez@outlook.cl,True,COM-11,2026-07-10
CLI-0758,21.871.809-9,False,Álvaro López Morales,alv.lopez@consultora.cl,True,COM-10,2026-05-15
CLI-0759,12.923.901-1,False,Carolina Rodríguez Espinoza,car.rodriguez@outlook.cl,True,COM-05,2026-01-10
CLI-0760,14.269.683-0,False,Gonzalo Rojas Fuentes,gon.rojas@gmail.com,True,COM-06,2026-07-07
CLI-0761,17.191.972-2,False,Andrea Sepúlveda López,and.sepulveda@consultora.cl,True,COM-05,2026-06-19
CLI-0762,14.875.190-K,False,Claudio Fuentes López,cla.fuentes@outlook.cl,True,COM-14,2026-05-21
CLI-0763,19.783.717-4,False,Javiera Soto Pérez,jav.soto@empresa.cl,True,COM-07,2026-04-24
CLI-0764,11.053.368-6,False,Tomas Fuentes Valenzuela,tom.fuentes@outlook.cl,True,COM-01,2026-02-13
CLI-0765,17.034.609-0,False,Sofia Silva Espinoza,sof.silva@outlook.cl,True,COM-05,2026-05-28
CLI-0766,18.689.610-6,True,Ignacio González Rojas,ign.gonzalez@empresa.cl,True,COM-02,2026-02-07
CLI-0767,11.806.861-7,False,Macarena Morales Vergara,mac.morales@gmail.com,True,COM-11,2026-05-14
CLI-0768,18.036.179-1,False,Javier Díaz González,jav.diaz@gmail.com,True,COM-15,2026-07-20
CLI-0769,16.570.888-6,False,Marcela Morales Morales,mar.morales@consultora.cl,True,COM-13,2026-03-16
CLI-0770,18.344.489-0,False,Matías Rojas Araya,mat.rojas@servicios.cl,True,COM-06,2026-06-27
CLI-0771,20.978.853-9,False,Catalina Espinoza González,cat.espinoza@consultora.cl,True,COM-07,2026-01-09
CLI-0772,20.947.764-8,False,Cristián González Contreras,cri.gonzalez@servicios.cl,True,COM-13,2026-02-22
CLI-0773,14.361.797-0,False,Sofia Rodríguez Tapia,sof.rodriguez@sura.cl,True,COM-05,2026-03-10
CLI-0774,19.972.651-K,True,Gonzalo Vergara Araya,gon.vergara@servicios.cl,True,COM-04,2026-04-01
CLI-0775,12.183.435-6,False,Javiera Soto González,jav.soto@servicios.cl,True,COM-15,2026-01-22
CLI-0776,13.095.448-9,False,Mauricio Contreras González,mau.contreras@consultora.cl,True,COM-04,2026-02-14
CLI-0777,21.241.989-7,False,Macarena Pérez Vergara,mac.perez@sura.cl,True,COM-02,2026-07-15
CLI-0778,14.398.770-5,False,Sebastián Tapia Soto,seb.tapia@sura.cl,True,COM-08,2026-05-04
CLI-0779,18.332.488-6,False,Loreto Morales Contreras,lor.morales@gmail.com,True,COM-11,2026-02-14
CLI-0780,13.977.978-6,False,Matías Valenzuela Tapia,mat.valenzuela@consultora.cl,True,COM-15,2026-01-11
CLI-0781,17.516.727-7,True,Francisca Silva Rojas,fra.silva@gmail.com,True,COM-14,2026-01-09
CLI-0782,19.354.909-4,False,Cristián Valenzuela Vergara,cri.valenzuela@outlook.cl,True,COM-13,2026-04-06
CLI-0783,16.766.254-5,False,Sofia Espinoza Espinoza,sof.espinoza@consultora.cl,True,COM-15,2026-03-11
CLI-0784,17.956.679-5,False,Tomas Rodríguez Valenzuela,tom.rodriguez@gmail.com,True,COM-10,2026-05-05
CLI-0785,13.573.284-1,False,Loreto Vergara Contreras,lor.vergara@consultora.cl,True,COM-04,2026-03-14
CLI-0786,17.404.614-9,False,Mauricio Rojas Pérez,mau.rojas@empresa.cl,True,COM-07,2026-07-22
CLI-0787,13.300.212-9,False,Fernanda Morales Díaz,fer.morales@empresa.cl,True,COM-13,2026-05-11
CLI-0788,16.782.697-2,False,Cristián Rojas Rodríguez,cri.rojas@servicios.cl,True,COM-12,2026-05-12
CLI-0789,20.134.873-K,False,Loreto Araya Vergara,lor.araya@outlook.cl,True,COM-01,2026-03-02
CLI-0790,14.353.927-5,False,Esteban Contreras Pérez,est.contreras@servicios.cl,True,COM-12,2026-03-14
CLI-0791,18.589.730-4,False,Paula Tapia Muñoz,pau.tapia@empresa.cl,True,COM-04,2026-07-01
CLI-0792,13.189.660-2,False,Álvaro Rodríguez Rodríguez,alv.rodriguez@consultora.cl,True,COM-06,2026-04-17
CLI-0793,16.198.351-5,False,Catalina López Fuentes,cat.lopez@outlook.cl,True,COM-05,2026-01-03
CLI-0794,15.099.642-7,False,Mauricio Rojas Fuentes,mau.rojas@sura.cl,True,COM-05,2026-05-22
CLI-0795,12.244.266-8,False,Javiera Díaz Espinoza,jav.diaz@sura.cl,True,COM-13,2026-04-20
CLI-0796,13.248.557-6,False,Esteban Araya Sepúlveda,est.araya@gmail.com,True,COM-11,2026-07-21
CLI-0797,11.334.295-K,False,Catalina Contreras Rojas,cat.contreras@consultora.cl,True,COM-01,2026-05-13
CLI-0798,13.959.448-7,True,Gabriel Espinoza Araya,gab.espinoza@empresa.cl,True,COM-14,2026-03-03
CLI-0799,11.124.171-2,False,Andrea Sepúlveda Espinoza,and.sepulveda@consultora.cl,True,COM-05,2026-02-12
CLI-0800,20.151.659-4,False,Tomas Valenzuela Muñoz,tom.valenzuela@consultora.cl,True,COM-02,2026-06-14
CLI-0801,13.023.527-6,False,Francisca Rojas Valenzuela,fra.rojas@sura.cl,True,COM-05,2026-06-11
CLI-0802,22.452.644-K,True,Claudio González Pérez,cla.gonzalez@gmail.com,True,COM-05,2026-03-18
CLI-0803,19.334.906-5,False,Beatriz Silva Araya,bea.silva@servicios.cl,True,COM-04,2026-03-19
CLI-0804,21.702.391-4,False,Hernán Araya Fuentes,her.araya@empresa.cl,True,COM-13,2026-07-03
CLI-0805,16.259.379-5,False,Sofia Fuentes López,sof.fuentes@servicios.cl,True,COM-10,2026-05-15
CLI-0806,13.804.487-9,False,Felipe Valenzuela Soto,fel.valenzuela@consultora.cl,True,COM-11,2026-05-17
CLI-0807,15.366.388-1,False,Sofia Soto Araya,sof.soto@empresa.cl,True,COM-01,2026-01-15
CLI-0808,17.574.755-4,False,Esteban Díaz Rojas,est.diaz@servicios.cl,True,COM-15,2026-05-10
CLI-0809,17.294.373-7,False,Constanza Contreras Fuentes,con.contreras@sura.cl,True,COM-04,2026-07-07
CLI-0810,18.814.444-8,False,Cristián Silva González,cri.silva@sura.cl,True,COM-01,2026-04-21
CLI-0811,18.460.324-5,False,Marcela Morales López,mar.morales@consultora.cl,True,COM-11,2026-04-15
CLI-0812,11.154.460-6,False,Ignacio Valenzuela Muñoz,ign.valenzuela@empresa.cl,True,COM-13,2026-05-11
CLI-0813,17.633.779-8,False,Sofia Fuentes Valenzuela,sof.fuentes@servicios.cl,True,COM-05,2026-04-09
CLI-0814,22.111.002-6,False,Esteban Contreras Sepúlveda,est.contreras@consultora.cl,True,COM-07,2026-04-25
CLI-0815,20.481.651-5,False,Javiera Silva Contreras,jav.silva@sura.cl,True,COM-06,2026-04-07
CLI-0816,13.923.397-K,False,Matías Morales Araya,mat.morales@outlook.cl,True,COM-11,2026-03-09
CLI-0817,15.389.419-1,True,Camila Vergara Morales,cam.vergara@outlook.cl,True,COM-11,2026-07-23
CLI-0818,15.617.915-5,False,Álvaro Fuentes González,alv.fuentes@gmail.com,True,COM-05,2026-05-14
CLI-0819,17.180.304-4,False,Beatriz Fuentes Rojas,bea.fuentes@empresa.cl,True,COM-08,2026-04-21
CLI-0820,12.811.449-9,False,Gabriel González Silva,gab.gonzalez@outlook.cl,True,COM-13,2026-05-03
CLI-0821,13.935.105-3,True,Fernanda Muñoz Morales,fer.munoz@outlook.cl,True,COM-10,2026-06-10
CLI-0822,22.476.077-K,False,Álvaro López Vergara,alv.lopez@servicios.cl,True,COM-13,2026-05-22
CLI-0823,13.182.612-K,False,Carolina Pérez Sepúlveda,car.perez@empresa.cl,True,COM-15,2026-02-08
CLI-0824,19.801.145-6,False,Claudio Soto González,cla.soto@outlook.cl,True,COM-05,2026-07-25
CLI-0825,20.481.881-6,False,Fernanda Soto Rodríguez,fer.soto@outlook.cl,True,COM-02,2026-02-03
CLI-0826,18.309.696-0,False,Diego Soto Soto,die.soto@sura.cl,True,COM-05,2026-06-18
CLI-0827,20.813.557-K,False,Fernanda Tapia Fuentes,fer.tapia@servicios.cl,True,COM-07,2026-01-16
CLI-0828,22.414.645-5,False,Gabriel Contreras Morales,gab.contreras@sura.cl,True,COM-02,2026-02-19
CLI-0829,18.376.078-9,False,Loreto Morales Valenzuela,lor.morales@empresa.cl,True,COM-12,2026-06-03
CLI-0830,14.379.132-7,True,Claudio Muñoz Tapia,cla.munoz@consultora.cl,True,COM-01,2026-07-05
CLI-0831,22.465.052-9,False,Camila Valenzuela Rojas,cam.valenzuela@gmail.com,True,COM-04,2026-06-07
CLI-0832,20.947.049-9,False,Matías Morales Rojas,mat.morales@gmail.com,True,COM-05,2026-05-21
CLI-0833,13.089.278-7,True,Daniela Tapia Tapia,dan.tapia@servicios.cl,True,COM-07,2026-06-27
CLI-0834,20.171.697-K,False,Cristián Fuentes González,cri.fuentes@servicios.cl,True,COM-01,2026-02-03
CLI-0835,22.175.780-4,False,Valentina Silva Vergara,val.silva@empresa.cl,True,COM-13,2026-05-11
CLI-0836,12.232.514-4,False,Felipe Pérez Muñoz,fel.perez@empresa.cl,True,COM-02,2026-02-24
CLI-0837,21.872.901-7,False,Marcela Pérez Fuentes,mar.perez@servicios.cl,True,COM-13,2026-04-28
CLI-0838,17.694.695-2,False,Sebastián Pérez Muñoz,seb.perez@empresa.cl,True,COM-13,2026-01-12
CLI-0839,12.419.872-K,False,Paula López Sepúlveda,pau.lopez@sura.cl,True,COM-14,2026-03-25
CLI-0840,16.466.946-4,False,Matías González López,mat.gonzalez@sura.cl,True,COM-05,2026-04-08
CLI-0841,11.085.741-5,False,Francisca Valenzuela Rodríguez,fra.valenzuela@empresa.cl,True,COM-14,2026-02-03
CLI-0842,20.297.968-3,False,Álvaro Muñoz Sepúlveda,alv.munoz@outlook.cl,True,COM-05,2026-05-11
CLI-0843,16.640.904-8,False,Camila Araya Sepúlveda,cam.araya@empresa.cl,True,COM-07,2026-06-24
CLI-0844,16.608.401-9,False,Javier Morales Morales,jav.morales@servicios.cl,True,COM-12,2026-06-15
CLI-0845,21.961.385-3,False,Beatriz Pérez Fuentes,bea.perez@servicios.cl,True,COM-05,2026-01-12
CLI-0846,20.607.532-5,True,Diego Soto Muñoz,die.soto@sura.cl,True,COM-05,2026-01-08
CLI-0847,12.983.533-4,False,Camila Tapia Sepúlveda,cam.tapia@gmail.com,True,COM-15,2026-02-22
CLI-0848,19.291.077-K,False,Hernán Araya Vergara,her.araya@sura.cl,True,COM-07,2026-04-19
CLI-0849,19.041.953-0,False,Catalina Araya Soto,cat.araya@gmail.com,True,COM-12,2026-06-27
CLI-0850,17.700.855-2,False,Rodrigo Contreras Tapia,rod.contreras@outlook.cl,True,COM-02,2026-02-12
CLI-0851,14.853.288-K,False,Javiera Rodríguez Soto,jav.rodriguez@servicios.cl,True,COM-13,2026-07-22
CLI-0852,16.635.029-5,False,Javier Morales Sepúlveda,jav.morales@empresa.cl,True,COM-06,2026-01-07
CLI-0853,17.550.135-7,False,Andrea Soto Rodríguez,and.soto@servicios.cl,True,COM-10,2026-01-25
CLI-0854,18.005.566-2,False,Gabriel López Soto,gab.lopez@empresa.cl,True,COM-01,2026-03-05
CLI-0855,11.035.787-2,False,Fernanda Soto López,fer.soto@servicios.cl,True,COM-06,2026-05-23
CLI-0856,15.379.306-8,False,Gabriel Espinoza Vergara,gab.espinoza@empresa.cl,True,COM-10,2026-04-05
CLI-0857,12.338.090-0,False,Camila Araya Fuentes,cam.araya@outlook.cl,True,COM-13,2026-02-28
CLI-0858,19.445.442-K,False,Javier López Morales,jav.lopez@sura.cl,True,COM-01,2026-06-15
CLI-0859,12.664.059-K,False,Sofia Soto López,sof.soto@outlook.cl,True,COM-12,2026-02-23
CLI-0860,11.272.844-6,False,Tomas Araya Rodríguez,tom.araya@sura.cl,True,COM-13,2026-06-19
CLI-0861,13.220.131-9,False,Valentina López Soto,val.lopez@consultora.cl,True,COM-08,2026-06-13
CLI-0862,13.398.324-7,False,Hernán Rojas Vergara,her.rojas@consultora.cl,True,COM-10,2026-01-08
CLI-0863,18.171.355-0,True,Francisca Morales Espinoza,fra.morales@empresa.cl,True,COM-13,2026-06-20
CLI-0864,15.405.499-K,False,Sebastián Fuentes Silva,seb.fuentes@servicios.cl,True,COM-06,2026-06-22
CLI-0865,14.550.971-4,False,Marcela Rodríguez Espinoza,mar.rodriguez@gmail.com,True,COM-08,2026-02-09
CLI-0866,13.866.124-K,False,Matías Pérez Vergara,mat.perez@servicios.cl,True,COM-13,2026-04-13
CLI-0867,19.157.124-1,False,Macarena Contreras Pérez,mac.contreras@sura.cl,True,COM-07,2026-04-10
CLI-0868,17.644.890-8,False,Ignacio Fuentes Morales,ign.fuentes@empresa.cl,True,COM-06,2026-05-02
CLI-0869,17.035.538-0,False,Andrea Vergara López,and.vergara@outlook.cl,True,COM-08,2026-02-16
CLI-0870,16.321.210-4,False,Cristián Díaz Muñoz,cri.diaz@sura.cl,True,COM-07,2026-01-11
CLI-0871,19.492.163-0,False,Macarena Soto Rodríguez,mac.soto@empresa.cl,True,COM-06,2026-01-18
CLI-0872,20.385.314-8,False,Gabriel Sepúlveda Pérez,gab.sepulveda@sura.cl,True,COM-11,2026-07-09
CLI-0873,17.616.164-2,False,Daniela Pérez Rodríguez,dan.perez@empresa.cl,True,COM-04,2026-02-06
CLI-0874,19.070.577-K,False,Gonzalo Soto Soto,gon.soto@outlook.cl,True,COM-02,2026-06-07
CLI-0875,11.419.875-7,True,Fernanda Contreras Araya,fer.contreras@sura.cl,True,COM-12,2026-01-03
CLI-0876,15.135.391-8,False,Claudio Muñoz Rodríguez,cla.munoz@outlook.cl,True,COM-05,2026-04-19
CLI-0877,20.055.540-8,False,Daniela Araya Díaz,dan.araya@sura.cl,True,COM-07,2026-01-14
CLI-0878,14.707.341-2,False,Álvaro Valenzuela Rodríguez,alv.valenzuela@empresa.cl,True,COM-12,2026-05-24
CLI-0879,15.131.605-3,False,Sofia Tapia Pérez,sof.tapia@servicios.cl,True,COM-02,2026-03-07
CLI-0880,13.172.553-6,False,Cristián Araya Espinoza,cri.araya@outlook.cl,True,COM-04,2026-06-22
CLI-0881,18.247.565-2,False,Macarena Araya Espinoza,mac.araya@servicios.cl,True,COM-07,2026-02-28
CLI-0882,15.686.862-6,False,Rodrigo Morales Díaz,rod.morales@gmail.com,True,COM-02,2026-05-24
CLI-0883,21.035.289-2,False,Sofia Fuentes Muñoz,sof.fuentes@outlook.cl,True,COM-08,2026-04-26
CLI-0884,14.651.582-0,False,Sebastián Soto Rojas,seb.soto@outlook.cl,True,COM-13,2026-05-19
CLI-0885,22.335.089-8,False,Beatriz Rojas Valenzuela,bea.rojas@gmail.com,True,COM-12,2026-06-25
CLI-0886,12.391.240-2,False,Cristián Fuentes Araya,cri.fuentes@gmail.com,True,COM-02,2026-02-16
CLI-0887,19.157.010-8,False,Javiera Araya Valenzuela,jav.araya@sura.cl,True,COM-02,2026-05-21
CLI-0888,18.534.699-2,False,Rodrigo Muñoz Espinoza,rod.munoz@servicios.cl,True,COM-08,2026-06-25
CLI-0889,11.543.884-4,False,Valentina Soto Rojas,val.soto@consultora.cl,True,COM-13,2026-07-03
CLI-0890,18.108.370-2,False,Diego Fuentes Rodríguez,die.fuentes@empresa.cl,True,COM-05,2026-04-18
CLI-0891,18.073.078-8,True,Sofia Pérez Silva,sof.perez@servicios.cl,True,COM-08,2026-05-26
CLI-0892,15.399.824-1,False,Hernán Díaz Tapia,her.diaz@empresa.cl,True,COM-08,2026-03-13
CLI-0893,21.243.426-0,False,Loreto Araya González,lor.araya@sura.cl,True,COM-06,2026-02-24
CLI-0894,20.618.398-K,False,Diego Muñoz Muñoz,die.munoz@empresa.cl,True,COM-13,2026-07-22
CLI-0895,17.962.366-9,False,Daniela Morales Valenzuela,dan.morales@gmail.com,True,COM-05,2026-07-01
CLI-0896,12.762.444-8,False,Rodrigo Morales Díaz,rod.morales@outlook.cl,True,COM-15,2026-06-05
CLI-0897,19.157.371-2,False,Macarena Pérez Araya,mac.perez@servicios.cl,True,COM-14,2026-07-09
CLI-0898,19.859.067-1,False,Hernán Soto Pérez,her.soto@sura.cl,True,COM-10,2026-05-01
CLI-0899,17.304.268-1,False,Camila Vergara Valenzuela,cam.vergara@servicios.cl,True,COM-07,2026-06-02
CLI-0900,19.534.637-4,False,Matías Araya Silva,mat.araya@empresa.cl,True,COM-01,2026-07-13
CLI-0901,13.425.058-7,False,Paula González Rodríguez,pau.gonzalez@outlook.cl,True,COM-12,2026-04-18
CLI-0902,18.433.263-3,False,Gabriel Silva Morales,gab.silva@empresa.cl,True,COM-10,2026-02-25
CLI-0903,15.161.567-7,False,Francisca Tapia Tapia,fra.tapia@empresa.cl,True,COM-04,2026-07-28
CLI-0904,13.031.041-5,False,Gabriel Rojas Muñoz,gab.rojas@servicios.cl,True,COM-06,2026-04-17
CLI-0905,12.432.984-4,False,Carolina Soto Tapia,car.soto@sura.cl,True,COM-10,2026-06-04
CLI-0906,11.106.386-8,False,Diego Pérez Rodríguez,die.perez@outlook.cl,True,COM-07,2026-06-19
CLI-0907,18.595.218-3,False,Catalina Morales Rojas,cat.morales@servicios.cl,True,COM-05,2026-02-11
CLI-0908,17.270.351-4,False,Felipe Contreras Morales,fel.contreras@gmail.com,True,COM-08,2026-06-07
CLI-0909,15.114.550-4,False,Andrea Díaz Araya,and.diaz@empresa.cl,True,COM-10,2026-01-25
CLI-0910,13.098.010-8,False,Sebastián Espinoza Díaz,seb.espinoza@consultora.cl,True,COM-02,2026-03-24
CLI-0911,21.438.850-4,False,Fernanda Díaz Valenzuela,fer.diaz@consultora.cl,True,COM-10,2026-02-25
CLI-0912,19.606.324-6,False,Gonzalo Fuentes Silva,gon.fuentes@sura.cl,True,COM-01,2026-01-01
CLI-0913,21.026.989-9,False,Sofia Espinoza Valenzuela,sof.espinoza@servicios.cl,True,COM-11,2026-06-03
CLI-0914,20.693.029-2,True,Mauricio Contreras Muñoz,mau.contreras@empresa.cl,True,COM-07,2026-05-01
CLI-0915,13.259.534-5,False,Javiera Fuentes Vergara,jav.fuentes@servicios.cl,True,COM-02,2026-04-03
CLI-0916,19.510.024-1,True,Mauricio Araya Contreras,mau.araya@consultora.cl,True,COM-04,2026-06-15
CLI-0917,14.121.772-1,False,Fernanda Silva Morales,fer.silva@sura.cl,True,COM-12,2026-02-06
CLI-0918,16.239.673-0,True,Javier Pérez González,jav.perez@servicios.cl,True,COM-11,2026-04-15
CLI-0919,15.688.278-1,False,Loreto Vergara Soto,lor.vergara@gmail.com,True,COM-02,2026-03-07
CLI-0920,21.392.014-3,False,Gabriel González Tapia,gab.gonzalez@empresa.cl,True,COM-10,2026-07-17
CLI-0921,18.278.828-4,False,Fernanda Díaz Valenzuela,fer.diaz@consultora.cl,True,COM-12,2026-04-13
CLI-0922,12.321.728-6,False,Felipe Tapia Pérez,fel.tapia@servicios.cl,True,COM-07,2026-01-03
CLI-0923,12.065.869-K,False,Francisca Tapia González,fra.tapia@servicios.cl,True,COM-15,2026-03-01
CLI-0924,19.532.688-1,False,Álvaro Díaz Vergara,alv.diaz@consultora.cl,True,COM-08,2026-07-08
CLI-0925,14.739.177-1,False,Carolina López González,car.lopez@sura.cl,True,COM-02,2026-05-23
CLI-0926,14.191.545-7,False,Álvaro Rojas Morales,alv.rojas@servicios.cl,True,COM-13,2026-07-17
CLI-0927,19.755.977-2,True,Sofia Silva Contreras,sof.silva@sura.cl,True,COM-14,2026-04-16
CLI-0928,18.203.480-4,False,Diego Silva Tapia,die.silva@gmail.com,True,COM-05,2026-01-16
CLI-0929,20.630.690-6,False,Daniela Pérez Espinoza,dan.perez@servicios.cl,True,COM-01,2026-03-20
CLI-0930,14.652.289-K,False,Matías Rojas Espinoza,mat.rojas@servicios.cl,True,COM-05,2026-03-17
CLI-0931,16.493.706-8,False,Sofia Muñoz Pérez,sof.munoz@outlook.cl,True,COM-04,2026-03-08
CLI-0932,17.702.238-6,False,Cristián Rojas López,cri.rojas@gmail.com,True,COM-02,2026-03-13
CLI-0933,17.015.200-3,False,Macarena Fuentes Rojas,mac.fuentes@outlook.cl,True,COM-13,2026-05-13
CLI-0934,21.180.527-K,False,Álvaro Fuentes Araya,alv.fuentes@servicios.cl,True,COM-04,2026-05-06
CLI-0935,20.992.389-9,False,Andrea Silva Díaz,and.silva@servicios.cl,True,COM-04,2026-01-05
CLI-0936,21.654.314-7,False,Diego Sepúlveda Araya,die.sepulveda@sura.cl,True,COM-06,2026-03-06
CLI-0937,19.693.520-2,False,Loreto Fuentes Soto,lor.fuentes@servicios.cl,True,COM-02,2026-02-16
CLI-0938,19.932.030-4,False,Cristián Valenzuela Sepúlveda,cri.valenzuela@empresa.cl,True,COM-05,2026-01-15
CLI-0939,19.274.372-5,False,Carolina Morales González,car.morales@empresa.cl,True,COM-10,2026-04-04
CLI-0940,21.820.682-7,False,Felipe Sepúlveda González,fel.sepulveda@servicios.cl,True,COM-04,2026-07-18
CLI-0941,13.738.369-1,True,Carolina Tapia Tapia,car.tapia@sura.cl,True,COM-13,2026-04-10
CLI-0942,16.226.884-9,False,Felipe Díaz Soto,fel.diaz@sura.cl,True,COM-11,2026-06-07
CLI-0943,21.272.458-K,False,Beatriz Araya Valenzuela,bea.araya@sura.cl,True,COM-11,2026-04-28
CLI-0944,15.283.259-1,True,Hernán Vergara Tapia,her.vergara@empresa.cl,True,COM-05,2026-06-14
CLI-0945,14.307.016-8,False,Francisca López Sepúlveda,fra.lopez@gmail.com,True,COM-15,2026-07-04
CLI-0946,12.390.974-2,False,Álvaro Rojas Soto,alv.rojas@servicios.cl,True,COM-11,2026-01-23
CLI-0947,14.102.561-4,False,Marcela González Valenzuela,mar.gonzalez@consultora.cl,True,COM-11,2026-05-14
CLI-0948,20.909.324-5,False,Mauricio González Rojas,mau.gonzalez@empresa.cl,True,COM-05,2026-02-02
CLI-0949,19.238.374-2,False,Paula Silva Muñoz,pau.silva@gmail.com,True,COM-02,2026-06-10
CLI-0950,18.127.374-3,False,Gabriel Rojas Tapia,gab.rojas@sura.cl,True,COM-05,2026-01-22
CLI-0951,16.895.044-K,False,Valentina Fuentes Contreras,val.fuentes@empresa.cl,True,COM-10,2026-01-08
CLI-0952,12.256.687-3,False,Tomas Soto Rojas,tom.soto@consultora.cl,True,COM-10,2026-05-09
CLI-0953,19.033.265-0,False,Macarena Rodríguez Silva,mac.rodriguez@outlook.cl,True,COM-11,2026-03-17
CLI-0954,11.515.221-6,False,Gonzalo Soto Pérez,gon.soto@gmail.com,True,COM-10,2026-06-24
CLI-0955,16.333.000-K,False,Daniela Soto Vergara,dan.soto@consultora.cl,True,COM-15,2026-06-16
CLI-0956,20.500.405-0,False,Matías Valenzuela Soto,mat.valenzuela@consultora.cl,True,COM-01,2026-05-18
CLI-0957,16.582.830-3,False,Loreto Valenzuela Contreras,lor.valenzuela@outlook.cl,True,COM-04,2026-01-08
CLI-0958,11.569.979-4,False,Tomas Tapia Sepúlveda,tom.tapia@sura.cl,True,COM-02,2026-01-22
CLI-0959,15.991.156-8,False,Carolina Espinoza Rodríguez,car.espinoza@sura.cl,True,COM-11,2026-05-05
CLI-0960,19.087.360-4,False,Álvaro Muñoz López,alv.munoz@outlook.cl,True,COM-10,2026-03-22
CLI-0961,17.191.147-0,False,Loreto Fuentes Díaz,lor.fuentes@sura.cl,True,COM-06,2026-05-20
CLI-0962,15.061.847-3,False,Ignacio Contreras Soto,ign.contreras@consultora.cl,True,COM-15,2026-04-07
CLI-0963,14.872.279-6,False,Camila González Espinoza,cam.gonzalez@servicios.cl,True,COM-13,2026-03-11
CLI-0964,18.617.682-9,False,Gabriel Soto Rodríguez,gab.soto@outlook.cl,True,COM-10,2026-07-23
CLI-0965,21.926.876-3,False,Valentina Pérez Araya,val.perez@consultora.cl,True,COM-01,2026-04-04
CLI-0966,15.042.065-7,False,Esteban Díaz López,est.diaz@gmail.com,True,COM-07,2026-05-20
CLI-0967,16.842.203-5,False,Beatriz Espinoza Valenzuela,bea.espinoza@gmail.com,True,COM-15,2026-06-23
CLI-0968,13.697.771-1,False,Mauricio Rojas Rojas,mau.rojas@outlook.cl,True,COM-06,2026-01-05
CLI-0969,15.050.780-6,False,Paula Fuentes Morales,pau.fuentes@gmail.com,True,COM-07,2026-01-12
CLI-0970,13.477.759-0,False,Ignacio Soto Contreras,ign.soto@gmail.com,True,COM-13,2026-03-20
CLI-0971,15.325.857-7,False,Catalina González Díaz,cat.gonzalez@outlook.cl,True,COM-02,2026-03-15
CLI-0972,21.910.592-0,False,Álvaro Valenzuela Contreras,alv.valenzuela@outlook.cl,True,COM-07,2026-06-20
CLI-0973,21.386.098-K,False,Carolina Pérez Rojas,car.perez@empresa.cl,True,COM-04,2026-01-04
CLI-0974,16.341.571-5,False,Álvaro Rojas Morales,alv.rojas@consultora.cl,True,COM-08,2026-02-19
CLI-0975,11.509.123-8,False,Andrea Silva Vergara,and.silva@consultora.cl,True,COM-08,2026-04-19
CLI-0976,12.873.673-0,False,Gabriel González Contreras,gab.gonzalez@outlook.cl,True,COM-10,2026-02-28
CLI-0977,15.476.372-7,False,Camila Rojas Tapia,cam.rojas@sura.cl,True,COM-08,2026-06-08
CLI-0978,12.018.892-0,False,Gabriel Valenzuela Valenzuela,gab.valenzuela@empresa.cl,True,COM-02,2026-07-25
CLI-0979,15.552.215-9,False,Sofia Fuentes López,sof.fuentes@sura.cl,True,COM-07,2026-06-03
CLI-0980,13.031.287-8,False,Felipe Morales Silva,fel.morales@outlook.cl,True,COM-11,2026-06-28
CLI-0981,15.213.180-7,False,Macarena Tapia Pérez,mac.tapia@servicios.cl,True,COM-06,2026-07-04
CLI-0982,12.802.369-9,False,Diego Fuentes Contreras,die.fuentes@sura.cl,True,COM-07,2026-03-26
CLI-0983,14.690.781-3,False,Camila Fuentes Díaz,cam.fuentes@gmail.com,True,COM-01,2026-05-23
CLI-0984,19.321.230-8,False,Álvaro González Rojas,alv.gonzalez@consultora.cl,True,COM-13,2026-03-03
CLI-0985,17.616.864-5,False,Beatriz Morales Rodríguez,bea.morales@consultora.cl,True,COM-13,2026-06-14
CLI-0986,12.961.426-8,False,Hernán Silva Rojas,her.silva@empresa.cl,True,COM-08,2026-01-27
CLI-0987,11.526.537-6,False,Catalina Contreras Valenzuela,cat.contreras@sura.cl,True,COM-02,2026-01-10
CLI-0988,11.533.537-K,False,Cristián Vergara Vergara,cri.vergara@consultora.cl,True,COM-15,2026-07-25
CLI-0989,14.326.896-2,False,Sofia Pérez Rojas,sof.perez@servicios.cl,True,COM-10,2026-01-10
CLI-0990,22.138.454-1,False,Claudio Fuentes Pérez,cla.fuentes@servicios.cl,True,COM-06,2026-01-01
CLI-0991,18.467.502-4,False,Paula Silva Vergara,pau.silva@sura.cl,True,COM-11,2026-01-06
CLI-0992,12.369.112-K,False,Javier Contreras Pérez,jav.contreras@empresa.cl,True,COM-12,2026-01-14
CLI-0993,21.132.492-4,False,Loreto Rojas Tapia,lor.rojas@consultora.cl,True,COM-14,2026-05-15
CLI-0994,22.189.744-3,False,Gonzalo Espinoza Araya,gon.espinoza@consultora.cl,True,COM-04,2026-06-06
CLI-0995,14.604.911-5,False,Marcela Sepúlveda Silva,mar.sepulveda@empresa.cl,True,COM-01,2026-02-12
CLI-0996,17.534.865-6,False,Álvaro Araya Fuentes,alv.araya@consultora.cl,True,COM-13,2026-02-28
CLI-0997,18.719.351-8,False,Catalina Valenzuela Díaz,cat.valenzuela@outlook.cl,True,COM-02,2026-02-02
CLI-0998,11.121.367-5,False,Tomas Silva Pérez,tom.silva@gmail.com,True,COM-06,2026-04-25
CLI-0999,20.304.379-1,True,Constanza Araya Vergara,con.araya@servicios.cl,True,COM-08,2026-05-23
CLI-1000,20.304.698-5,False,Claudio Sepúlveda Rodríguez,cla.sepulveda@servicios.cl,True,COM-12,2026-04-01
