id_cuenta,id_cliente,id_producto_financiero,id_estado,monto_facturado_clp,dias_morosidad,nivel_riesgo
CTA-0001,CLI-0001,PF-03,EST-02,3640000,0,Riesgo Medio
CTA-0002,CLI-0002,PF-03,EST-01,21080000,60,Riesgo Medio
CTA-0003,CLI-0003,PF-05,EST-01,7980000,0,Riesgo Bajo
CTA-0004,CLI-0004,PF-05,EST-01,8180000,30,Riesgo Bajo
CTA-0005,CLI-0005,PF-05,EST-01,11450000,45,Riesgo Medio
CTA-0006,CLI-0006,PF-04,EST-01,13930000,30,Riesgo Bajo
CTA-0007,CLI-0007,PF-04,EST-01,13200000,120,Riesgo Alto
CTA-0008,CLI-0008,PF-05,EST-02,3170000,0,Riesgo Medio
CTA-0009,CLI-0009,PF-03,EST-02,18780000,0,Riesgo Medio
CTA-0010,CLI-0010,PF-04,EST-02,1840000,0,Riesgo Medio
CTA-0011,CLI-0011,PF-05,EST-01,7970000,15,Riesgo Bajo
CTA-0012,CLI-0012,PF-03,EST-02,14910000,120,Riesgo Medio
CTA-0013,CLI-0013,PF-05,EST-02,2160000,120,Riesgo Medio
CTA-0014,CLI-0014,PF-03,EST-01,8750000,60,Riesgo Medio
CTA-0015,CLI-0015,PF-03,EST-01,8560000,120,Riesgo Alto
CTA-0016,CLI-0016,PF-04,EST-02,15620000,0,Riesgo Medio
CTA-0017,CLI-0017,PF-04,EST-02,3490000,45,Riesgo Medio
CTA-0018,CLI-0018,PF-04,EST-02,4000000,15,Riesgo Medio
CTA-0019,CLI-0019,PF-04,EST-03,17630000,0,Riesgo Bajo
CTA-0020,CLI-0020,PF-05,EST-01,1710000,15,Riesgo Bajo
CTA-0021,CLI-0021,PF-05,EST-03,4910000,120,Riesgo Medio
CTA-0022,CLI-0022,PF-03,EST-02,21450000,30,Riesgo Medio
CTA-0023,CLI-0023,PF-05,EST-01,6560000,0,Riesgo Bajo
CTA-0024,CLI-0024,PF-04,EST-03,10190000,0,Riesgo Bajo
CTA-0025,CLI-0025,PF-05,EST-02,15710000,30,Riesgo Medio
CTA-0026,CLI-0026,PF-03,EST-02,7360000,0,Riesgo Medio
CTA-0027,CLI-0027,PF-05,EST-01,15470000,0,Riesgo Bajo
CTA-0028,CLI-0028,PF-04,EST-01,5550000,30,Riesgo Bajo
CTA-0029,CLI-0029,PF-05,EST-03,16280000,60,Riesgo Medio
CTA-0030,CLI-0030,PF-01,EST-02,4690000,0,Riesgo Medio
CTA-0031,CLI-0031,PF-03,EST-02,1270000,0,Riesgo Medio
CTA-0032,CLI-0032,PF-04,EST-02,14730000,120,Riesgo Medio
CTA-0033,CLI-0033,PF-05,EST-02,2770000,0,Riesgo Medio
CTA-0034,CLI-0034,PF-03,EST-01,10370000,15,Riesgo Bajo
CTA-0035,CLI-0035,PF-04,EST-01,21240000,120,Riesgo Alto
CTA-0036,CLI-0036,PF-05,EST-03,19560000,60,Riesgo Medio
CTA-0037,CLI-0037,PF-04,EST-02,13150000,15,Riesgo Medio
CTA-0038,CLI-0038,PF-03,EST-01,7420000,30,Riesgo Bajo
CTA-0039,CLI-0039,PF-05,EST-03,6160000,120,Riesgo Medio
CTA-0040,CLI-0040,PF-03,EST-02,21780000,0,Riesgo Medio
CTA-0041,CLI-0041,PF-03,EST-03,11650000,60,Riesgo Medio
CTA-0042,CLI-0042,PF-01,EST-02,11240000,120,Riesgo Medio
CTA-0043,CLI-0043,PF-03,EST-01,17280000,45,Riesgo Medio
CTA-0044,CLI-0044,PF-03,EST-01,4750000,45,Riesgo Medio
CTA-0045,CLI-0045,PF-05,EST-01,17990000,0,Riesgo Bajo
CTA-0046,CLI-0046,PF-03,EST-02,20540000,0,Riesgo Medio
CTA-0047,CLI-0047,PF-03,EST-02,17590000,30,Riesgo Medio
CTA-0048,CLI-0048,PF-03,EST-03,20130000,0,Riesgo Bajo
CTA-0049,CLI-0049,PF-03,EST-02,7750000,0,Riesgo Medio
CTA-0050,CLI-0050,PF-05,EST-02,5730000,45,Riesgo Medio
CTA-0051,CLI-0051,PF-05,EST-01,18950000,0,Riesgo Bajo
CTA-0052,CLI-0052,PF-03,EST-02,8600000,0,Riesgo Medio
CTA-0053,CLI-0053,PF-05,EST-02,18360000,0,Riesgo Medio
CTA-0054,CLI-0054,PF-03,EST-01,18090000,0,Riesgo Bajo
CTA-0055,CLI-0055,PF-05,EST-02,14420000,0,Riesgo Medio
CTA-0056,CLI-0056,PF-05,EST-02,14880000,120,Riesgo Medio
CTA-0057,CLI-0057,PF-05,EST-02,6220000,0,Riesgo Medio
CTA-0058,CLI-0058,PF-03,EST-02,13500000,0,Riesgo Medio
CTA-0059,CLI-0059,PF-03,EST-02,21970000,0,Riesgo Medio
CTA-0060,CLI-0060,PF-05,EST-01,970000,15,Riesgo Bajo
CTA-0061,CLI-0061,PF-05,EST-01,12010000,0,Riesgo Bajo
CTA-0062,CLI-0062,PF-01,EST-02,11210000,0,Riesgo Medio
CTA-0063,CLI-0063,PF-05,EST-02,13730000,30,Riesgo Medio
CTA-0064,CLI-0064,PF-05,EST-01,11860000,30,Riesgo Bajo
CTA-0065,CLI-0065,PF-04,EST-02,6040000,0,Riesgo Medio
CTA-0066,CLI-0066,PF-05,EST-01,17630000,15,Riesgo Bajo
CTA-0067,CLI-0067,PF-01,EST-03,15390000,30,Riesgo Bajo
CTA-0068,CLI-0068,PF-05,EST-01,10860000,0,Riesgo Bajo
CTA-0069,CLI-0069,PF-05,EST-02,1140000,60,Riesgo Medio
CTA-0070,CLI-0070,PF-01,EST-02,16850000,45,Riesgo Medio
CTA-0071,CLI-0071,PF-03,EST-03,7030000,0,Riesgo Bajo
CTA-0072,CLI-0072,PF-04,EST-02,17320000,60,Riesgo Medio
CTA-0073,CLI-0073,PF-05,EST-03,10140000,120,Riesgo Medio
CTA-0074,CLI-0074,PF-05,EST-03,17870000,15,Riesgo Bajo
CTA-0075,CLI-0075,PF-05,EST-03,12270000,0,Riesgo Bajo
CTA-0076,CLI-0076,PF-04,EST-03,17750000,30,Riesgo Bajo
CTA-0077,CLI-0077,PF-03,EST-02,660000,120,Riesgo Medio
CTA-0078,CLI-0078,PF-03,EST-01,14090000,0,Riesgo Bajo
CTA-0079,CLI-0079,PF-05,EST-02,9020000,60,Riesgo Medio
CTA-0080,CLI-0080,PF-04,EST-03,5210000,15,Riesgo Bajo
CTA-0081,CLI-0081,PF-05,EST-03,17710000,120,Riesgo Medio
CTA-0082,CLI-0082,PF-03,EST-02,20100000,30,Riesgo Medio
CTA-0083,CLI-0083,PF-05,EST-03,20250000,30,Riesgo Bajo
CTA-0084,CLI-0084,PF-04,EST-01,4080000,0,Riesgo Bajo
CTA-0085,CLI-0085,PF-05,EST-01,980000,15,Riesgo Bajo
CTA-0086,CLI-0086,PF-05,EST-02,11190000,45,Riesgo Medio
CTA-0087,CLI-0087,PF-03,EST-01,11290000,15,Riesgo Bajo
CTA-0088,CLI-0088,PF-04,EST-02,1710000,30,Riesgo Medio
CTA-0089,CLI-0089,PF-05,EST-01,20550000,15,Riesgo Bajo
CTA-0090,CLI-0090,PF-03,EST-02,8770000,90,Riesgo Medio
CTA-0091,CLI-0091,PF-04,EST-01,10340000,45,Riesgo Medio
CTA-0092,CLI-0092,PF-03,EST-02,1400000,0,Riesgo Medio
CTA-0093,CLI-0093,PF-03,EST-03,20950000,30,Riesgo Bajo
CTA-0094,CLI-0094,PF-05,EST-01,5920000,30,Riesgo Bajo
CTA-0095,CLI-0095,PF-05,EST-03,9130000,90,Riesgo Medio
CTA-0096,CLI-0096,PF-01,EST-01,20860000,60,Riesgo Medio
CTA-0097,CLI-0097,PF-03,EST-02,7490000,0,Riesgo Medio
CTA-0098,CLI-0098,PF-05,EST-02,11890000,15,Riesgo Medio
CTA-0099,CLI-0099,PF-03,EST-03,19030000,120,Riesgo Medio
CTA-0100,CLI-0100,PF-03,EST-02,8730000,30,Riesgo Medio
CTA-0101,CLI-0101,PF-03,EST-02,20620000,60,Riesgo Medio
CTA-0102,CLI-0102,PF-04,EST-03,3000000,15,Riesgo Bajo
CTA-0103,CLI-0103,PF-01,EST-01,16540000,30,Riesgo Bajo
CTA-0104,CLI-0104,PF-05,EST-01,1310000,0,Riesgo Bajo
CTA-0105,CLI-0105,PF-05,EST-02,13540000,30,Riesgo Medio
CTA-0106,CLI-0106,PF-05,EST-02,12530000,45,Riesgo Medio
CTA-0107,CLI-0107,PF-04,EST-02,20210000,0,Riesgo Medio
CTA-0108,CLI-0108,PF-03,EST-01,1070000,120,Riesgo Alto
CTA-0109,CLI-0109,PF-05,EST-01,12980000,120,Riesgo Alto
CTA-0110,CLI-0110,PF-03,EST-02,16330000,60,Riesgo Medio
CTA-0111,CLI-0111,PF-03,EST-01,19340000,15,Riesgo Bajo
CTA-0112,CLI-0112,PF-03,EST-02,2600000,60,Riesgo Medio
CTA-0113,CLI-0113,PF-05,EST-01,12860000,60,Riesgo Medio
CTA-0114,CLI-0114,PF-05,EST-03,8850000,45,Riesgo Medio
CTA-0115,CLI-0115,PF-04,EST-02,9450000,0,Riesgo Medio
CTA-0116,CLI-0116,PF-04,EST-03,1090000,0,Riesgo Bajo
CTA-0117,CLI-0117,PF-05,EST-02,13870000,15,Riesgo Medio
CTA-0118,CLI-0118,PF-05,EST-03,15980000,0,Riesgo Bajo
CTA-0119,CLI-0119,PF-03,EST-03,21190000,45,Riesgo Medio
CTA-0120,CLI-0120,PF-04,EST-02,8770000,0,Riesgo Medio
CTA-0121,CLI-0121,PF-04,EST-02,3260000,0,Riesgo Medio
CTA-0122,CLI-0122,PF-03,EST-01,1650000,15,Riesgo Bajo
CTA-0123,CLI-0123,PF-05,EST-03,3210000,0,Riesgo Bajo
CTA-0124,CLI-0124,PF-03,EST-02,18970000,30,Riesgo Medio
CTA-0125,CLI-0125,PF-03,EST-01,19500000,0,Riesgo Bajo
CTA-0126,CLI-0126,PF-03,EST-02,8780000,0,Riesgo Medio
CTA-0127,CLI-0127,PF-05,EST-01,4380000,60,Riesgo Medio
CTA-0128,CLI-0128,PF-04,EST-03,11550000,0,Riesgo Bajo
CTA-0129,CLI-0129,PF-05,EST-03,1680000,0,Riesgo Bajo
CTA-0130,CLI-0130,PF-01,EST-01,1270000,30,Riesgo Bajo
CTA-0131,CLI-0131,PF-01,EST-01,4390000,15,Riesgo Bajo
CTA-0132,CLI-0132,PF-04,EST-02,17400000,120,Riesgo Medio
CTA-0133,CLI-0133,PF-05,EST-03,9900000,60,Riesgo Medio
CTA-0134,CLI-0134,PF-02,EST-01,2960000,0,Riesgo Bajo
CTA-0135,CLI-0135,PF-03,EST-02,19420000,15,Riesgo Medio
CTA-0136,CLI-0136,PF-03,EST-02,7810000,30,Riesgo Medio
CTA-0137,CLI-0137,PF-05,EST-02,11540000,15,Riesgo Medio
CTA-0138,CLI-0138,PF-05,EST-01,10780000,0,Riesgo Bajo
CTA-0139,CLI-0139,PF-05,EST-01,11980000,0,Riesgo Bajo
CTA-0140,CLI-0140,PF-03,EST-01,7800000,45,Riesgo Medio
CTA-0141,CLI-0141,PF-01,EST-02,13160000,15,Riesgo Medio
CTA-0142,CLI-0142,PF-04,EST-01,1390000,0,Riesgo Bajo
CTA-0143,CLI-0143,PF-04,EST-01,7920000,15,Riesgo Bajo
CTA-0144,CLI-0144,PF-03,EST-02,19520000,0,Riesgo Medio
CTA-0145,CLI-0145,PF-05,EST-02,18580000,90,Riesgo Medio
CTA-0146,CLI-0146,PF-05,EST-03,10520000,0,Riesgo Bajo
CTA-0147,CLI-0147,PF-05,EST-03,19410000,45,Riesgo Medio
CTA-0148,CLI-0148,PF-03,EST-02,7800000,60,Riesgo Medio
CTA-0149,CLI-0149,PF-03,EST-01,11040000,45,Riesgo Medio
CTA-0150,CLI-0150,PF-05,EST-02,11210000,0,Riesgo Medio
CTA-0151,CLI-0151,PF-03,EST-01,8390000,0,Riesgo Bajo
CTA-0152,CLI-0152,PF-01,EST-02,13480000,0,Riesgo Medio
CTA-0153,CLI-0153,PF-03,EST-02,17430000,15,Riesgo Medio
CTA-0154,CLI-0154,PF-03,EST-01,4970000,90,Riesgo Alto
CTA-0155,CLI-0155,PF-03,EST-03,11060000,0,Riesgo Bajo
CTA-0156,CLI-0156,PF-04,EST-01,13360000,0,Riesgo Bajo
CTA-0157,CLI-0157,PF-04,EST-01,17060000,0,Riesgo Bajo
CTA-0158,CLI-0158,PF-03,EST-01,11480000,0,Riesgo Bajo
CTA-0159,CLI-0159,PF-03,EST-02,9910000,90,Riesgo Medio
CTA-0160,CLI-0160,PF-04,EST-02,5630000,15,Riesgo Medio
CTA-0161,CLI-0161,PF-01,EST-01,2500000,0,Riesgo Bajo
CTA-0162,CLI-0162,PF-03,EST-02,8090000,90,Riesgo Medio
CTA-0163,CLI-0163,PF-01,EST-01,2250000,15,Riesgo Bajo
CTA-0164,CLI-0164,PF-03,EST-01,14350000,0,Riesgo Bajo
CTA-0165,CLI-0165,PF-05,EST-03,19880000,45,Riesgo Medio
CTA-0166,CLI-0166,PF-03,EST-03,7780000,0,Riesgo Bajo
CTA-0167,CLI-0167,PF-04,EST-02,11000000,90,Riesgo Medio
CTA-0168,CLI-0168,PF-04,EST-01,6220000,90,Riesgo Alto
CTA-0169,CLI-0169,PF-04,EST-02,14470000,0,Riesgo Medio
CTA-0170,CLI-0170,PF-05,EST-02,17800000,0,Riesgo Medio
CTA-0171,CLI-0171,PF-05,EST-03,8700000,0,Riesgo Bajo
CTA-0172,CLI-0172,PF-04,EST-01,16850000,15,Riesgo Bajo
CTA-0173,CLI-0173,PF-05,EST-03,14880000,30,Riesgo Bajo
CTA-0174,CLI-0174,PF-05,EST-01,19330000,15,Riesgo Bajo
CTA-0175,CLI-0175,PF-04,EST-01,18830000,90,Riesgo Alto
CTA-0176,CLI-0176,PF-03,EST-02,19410000,15,Riesgo Medio
CTA-0177,CLI-0177,PF-05,EST-02,9310000,30,Riesgo Medio
CTA-0178,CLI-0178,PF-04,EST-02,6060000,120,Riesgo Medio
CTA-0179,CLI-0179,PF-01,EST-01,760000,90,Riesgo Alto
CTA-0180,CLI-0180,PF-03,EST-03,5120000,120,Riesgo Medio
CTA-0181,CLI-0181,PF-01,EST-03,13750000,0,Riesgo Bajo
CTA-0182,CLI-0182,PF-05,EST-02,9580000,0,Riesgo Medio
CTA-0183,CLI-0183,PF-03,EST-02,19510000,90,Riesgo Medio
CTA-0184,CLI-0184,PF-01,EST-03,3040000,30,Riesgo Bajo
CTA-0185,CLI-0185,PF-03,EST-02,16000000,0,Riesgo Medio
CTA-0186,CLI-0186,PF-03,EST-02,19710000,90,Riesgo Medio
CTA-0187,CLI-0187,PF-05,EST-02,15950000,120,Riesgo Medio
CTA-0188,CLI-0188,PF-05,EST-02,15500000,0,Riesgo Medio
CTA-0189,CLI-0189,PF-04,EST-01,4380000,90,Riesgo Alto
CTA-0190,CLI-0190,PF-03,EST-01,20140000,0,Riesgo Bajo
CTA-0191,CLI-0191,PF-03,EST-01,19020000,45,Riesgo Medio
CTA-0192,CLI-0192,PF-01,EST-01,19370000,120,Riesgo Alto
CTA-0193,CLI-0193,PF-04,EST-02,10510000,45,Riesgo Medio
CTA-0194,CLI-0194,PF-04,EST-01,20570000,90,Riesgo Alto
CTA-0195,CLI-0195,PF-03,EST-01,640000,60,Riesgo Medio
CTA-0196,CLI-0196,PF-03,EST-02,4960000,45,Riesgo Medio
CTA-0197,CLI-0197,PF-01,EST-01,4540000,0,Riesgo Bajo
CTA-0198,CLI-0198,PF-04,EST-02,19860000,0,Riesgo Medio
CTA-0199,CLI-0199,PF-05,EST-02,4340000,120,Riesgo Medio
CTA-0200,CLI-0200,PF-03,EST-03,14240000,120,Riesgo Medio
CTA-0201,CLI-0201,PF-04,EST-01,1370000,0,Riesgo Bajo
CTA-0202,CLI-0202,PF-05,EST-01,2160000,0,Riesgo Bajo
CTA-0203,CLI-0203,PF-03,EST-03,15150000,0,Riesgo Bajo
CTA-0204,CLI-0204,PF-03,EST-03,14690000,60,Riesgo Medio
CTA-0205,CLI-0205,PF-03,EST-01,8870000,15,Riesgo Bajo
CTA-0206,CLI-0206,PF-05,EST-03,6640000,0,Riesgo Bajo
CTA-0207,CLI-0207,PF-04,EST-01,8010000,45,Riesgo Medio
CTA-0208,CLI-0208,PF-02,EST-02,15700000,0,Riesgo Medio
CTA-0209,CLI-0209,PF-05,EST-02,20250000,45,Riesgo Medio
CTA-0210,CLI-0210,PF-03,EST-01,20620000,120,Riesgo Alto
CTA-0211,CLI-0211,PF-05,EST-03,7080000,60,Riesgo Medio
CTA-0212,CLI-0212,PF-03,EST-02,18730000,30,Riesgo Medio
CTA-0213,CLI-0213,PF-05,EST-02,760000,45,Riesgo Medio
CTA-0214,CLI-0214,PF-03,EST-03,21540000,15,Riesgo Bajo
CTA-0215,CLI-0215,PF-03,EST-01,9890000,90,Riesgo Alto
CTA-0216,CLI-0216,PF-05,EST-02,20010000,0,Riesgo Medio
CTA-0217,CLI-0217,PF-01,EST-01,10380000,0,Riesgo Bajo
CTA-0218,CLI-0218,PF-05,EST-01,21180000,60,Riesgo Medio
CTA-0219,CLI-0219,PF-04,EST-01,8320000,15,Riesgo Bajo
CTA-0220,CLI-0220,PF-05,EST-01,12910000,15,Riesgo Bajo
CTA-0221,CLI-0221,PF-03,EST-01,15030000,15,Riesgo Bajo
CTA-0222,CLI-0222,PF-03,EST-01,8390000,120,Riesgo Alto
CTA-0223,CLI-0223,PF-03,EST-01,20680000,120,Riesgo Alto
CTA-0224,CLI-0224,PF-04,EST-03,15540000,30,Riesgo Bajo
CTA-0225,CLI-0225,PF-05,EST-02,19840000,120,Riesgo Medio
CTA-0226,CLI-0226,PF-05,EST-03,1290000,60,Riesgo Medio
CTA-0227,CLI-0227,PF-04,EST-02,13280000,120,Riesgo Medio
CTA-0228,CLI-0228,PF-03,EST-03,9610000,15,Riesgo Bajo
CTA-0229,CLI-0229,PF-03,EST-01,9000000,45,Riesgo Medio
CTA-0230,CLI-0230,PF-03,EST-02,16300000,60,Riesgo Medio
CTA-0231,CLI-0231,PF-03,EST-02,6630000,30,Riesgo Medio
CTA-0232,CLI-0232,PF-01,EST-02,12030000,90,Riesgo Medio
CTA-0233,CLI-0233,PF-03,EST-02,20450000,0,Riesgo Medio
CTA-0234,CLI-0234,PF-05,EST-01,11870000,45,Riesgo Medio
CTA-0235,CLI-0235,PF-03,EST-02,14420000,120,Riesgo Medio
CTA-0236,CLI-0236,PF-05,EST-01,17280000,0,Riesgo Bajo
CTA-0237,CLI-0237,PF-04,EST-02,17470000,0,Riesgo Medio
CTA-0238,CLI-0238,PF-01,EST-01,4790000,0,Riesgo Bajo
CTA-0239,CLI-0239,PF-03,EST-02,16040000,60,Riesgo Medio
CTA-0240,CLI-0240,PF-05,EST-01,21420000,0,Riesgo Bajo
CTA-0241,CLI-0241,PF-04,EST-03,12880000,0,Riesgo Bajo
CTA-0242,CLI-0242,PF-04,EST-03,15680000,0,Riesgo Bajo
CTA-0243,CLI-0243,PF-01,EST-02,15990000,60,Riesgo Medio
CTA-0244,CLI-0244,PF-02,EST-02,17730000,60,Riesgo Medio
CTA-0245,CLI-0245,PF-05,EST-02,3140000,0,Riesgo Medio
CTA-0246,CLI-0246,PF-03,EST-02,8840000,15,Riesgo Medio
CTA-0247,CLI-0247,PF-05,EST-02,17530000,0,Riesgo Medio
CTA-0248,CLI-0248,PF-05,EST-02,17070000,0,Riesgo Medio
CTA-0249,CLI-0249,PF-05,EST-03,9330000,120,Riesgo Medio
CTA-0250,CLI-0250,PF-04,EST-02,3140000,120,Riesgo Medio
CTA-0251,CLI-0251,PF-05,EST-02,5220000,120,Riesgo Medio
CTA-0252,CLI-0252,PF-05,EST-02,9630000,0,Riesgo Medio
CTA-0253,CLI-0253,PF-04,EST-03,18450000,60,Riesgo Medio
CTA-0254,CLI-0254,PF-05,EST-03,8140000,90,Riesgo Medio
CTA-0255,CLI-0255,PF-01,EST-02,9520000,0,Riesgo Medio
CTA-0256,CLI-0256,PF-05,EST-02,21070000,60,Riesgo Medio
CTA-0257,CLI-0257,PF-01,EST-01,21890000,30,Riesgo Bajo
CTA-0258,CLI-0258,PF-05,EST-01,6190000,120,Riesgo Alto
CTA-0259,CLI-0259,PF-02,EST-01,7270000,0,Riesgo Bajo
CTA-0260,CLI-0260,PF-03,EST-03,13320000,15,Riesgo Bajo
CTA-0261,CLI-0261,PF-05,EST-03,12750000,0,Riesgo Bajo
CTA-0262,CLI-0262,PF-05,EST-02,20190000,45,Riesgo Medio
CTA-0263,CLI-0263,PF-04,EST-02,900000,0,Riesgo Medio
CTA-0264,CLI-0264,PF-05,EST-02,5030000,60,Riesgo Medio
CTA-0265,CLI-0265,PF-05,EST-01,9160000,0,Riesgo Bajo
CTA-0266,CLI-0266,PF-03,EST-03,4370000,0,Riesgo Bajo
CTA-0267,CLI-0267,PF-04,EST-02,7770000,60,Riesgo Medio
CTA-0268,CLI-0268,PF-04,EST-01,16450000,0,Riesgo Bajo
CTA-0269,CLI-0269,PF-05,EST-02,16720000,120,Riesgo Medio
CTA-0270,CLI-0270,PF-04,EST-02,18280000,0,Riesgo Medio
CTA-0271,CLI-0271,PF-05,EST-02,8020000,0,Riesgo Medio
CTA-0272,CLI-0272,PF-04,EST-01,4310000,0,Riesgo Bajo
CTA-0273,CLI-0273,PF-03,EST-02,14610000,90,Riesgo Medio
CTA-0274,CLI-0274,PF-05,EST-01,21810000,90,Riesgo Alto
CTA-0275,CLI-0275,PF-04,EST-02,8280000,15,Riesgo Medio
CTA-0276,CLI-0276,PF-04,EST-01,20880000,0,Riesgo Bajo
CTA-0277,CLI-0277,PF-05,EST-02,1420000,0,Riesgo Medio
CTA-0278,CLI-0278,PF-04,EST-02,6650000,45,Riesgo Medio
CTA-0279,CLI-0279,PF-03,EST-02,15480000,30,Riesgo Medio
CTA-0280,CLI-0280,PF-05,EST-01,6900000,0,Riesgo Bajo
CTA-0281,CLI-0281,PF-05,EST-02,12480000,0,Riesgo Medio
CTA-0282,CLI-0282,PF-04,EST-01,21740000,90,Riesgo Alto
CTA-0283,CLI-0283,PF-04,EST-01,20470000,15,Riesgo Bajo
CTA-0284,CLI-0284,PF-02,EST-02,20820000,45,Riesgo Medio
CTA-0285,CLI-0285,PF-03,EST-02,19200000,15,Riesgo Medio
CTA-0286,CLI-0286,PF-02,EST-02,18120000,45,Riesgo Medio
CTA-0287,CLI-0287,,EST-03,16670000,120,Riesgo Medio
CTA-0288,CLI-0288,PF-05,EST-01,4870000,15,Riesgo Bajo
CTA-0289,CLI-0289,PF-03,EST-01,910000,60,Riesgo Medio
CTA-0290,CLI-0290,PF-04,EST-03,19410000,0,Riesgo Bajo
CTA-0291,CLI-0291,PF-04,EST-02,1130000,30,Riesgo Medio
CTA-0292,CLI-0292,PF-04,EST-01,5310000,15,Riesgo Bajo
CTA-0293,CLI-0293,PF-03,EST-01,11570000,30,Riesgo Bajo
CTA-0294,CLI-0294,PF-05,EST-03,10500000,30,Riesgo Bajo
CTA-0295,CLI-0295,PF-02,EST-03,9560000,45,Riesgo Medio
CTA-0296,CLI-0296,PF-03,EST-02,19080000,90,Riesgo Medio
CTA-0297,CLI-0297,PF-01,EST-02,4090000,15,Riesgo Medio
CTA-0298,CLI-0298,PF-01,EST-01,14620000,0,Riesgo Bajo
CTA-0299,CLI-0299,PF-05,EST-03,19830000,45,Riesgo Medio
CTA-0300,CLI-0300,PF-04,EST-02,10280000,30,Riesgo Medio
CTA-0301,CLI-0301,PF-03,EST-02,17440000,15,Riesgo Medio
CTA-0302,CLI-0302,PF-05,EST-01,9750000,0,Riesgo Bajo
CTA-0303,CLI-0303,PF-05,EST-02,4930000,60,Riesgo Medio
CTA-0304,CLI-0304,PF-05,EST-01,16940000,120,Riesgo Alto
CTA-0305,CLI-0305,PF-03,EST-02,14280000,120,Riesgo Medio
CTA-0306,CLI-0306,PF-04,EST-02,7240000,45,Riesgo Medio
CTA-0307,CLI-0307,PF-05,EST-03,21490000,45,Riesgo Medio
CTA-0308,CLI-0308,PF-02,EST-01,2870000,45,Riesgo Medio
CTA-0309,CLI-0309,PF-04,EST-02,6550000,45,Riesgo Medio
CTA-0310,CLI-0310,PF-04,EST-01,9310000,45,Riesgo Medio
CTA-0311,CLI-0311,PF-03,EST-01,17590000,0,Riesgo Bajo
CTA-0312,CLI-0312,PF-04,EST-01,19340000,0,Riesgo Bajo
CTA-0313,CLI-0313,PF-05,EST-02,5440000,120,Riesgo Medio
CTA-0314,CLI-0314,PF-05,EST-01,12170000,0,Riesgo Bajo
CTA-0315,CLI-0315,PF-04,EST-02,17680000,0,Riesgo Medio
CTA-0316,CLI-0316,PF-03,EST-01,5690000,90,Riesgo Alto
CTA-0317,CLI-0317,PF-03,EST-02,20150000,30,Riesgo Medio
CTA-0318,CLI-0318,PF-05,EST-02,13530000,0,Riesgo Medio
CTA-0319,CLI-0319,PF-03,EST-03,20320000,90,Riesgo Medio
CTA-0320,CLI-0320,PF-03,EST-01,10470000,120,Riesgo Alto
CTA-0321,CLI-0321,PF-05,EST-02,3610000,90,Riesgo Medio
CTA-0322,CLI-0322,PF-03,EST-02,20030000,0,Riesgo Medio
CTA-0323,CLI-0323,PF-02,EST-02,15800000,0,Riesgo Medio
CTA-0324,CLI-0324,PF-03,EST-01,1460000,45,Riesgo Medio
CTA-0325,CLI-0325,PF-05,EST-02,690000,120,Riesgo Medio
CTA-0326,CLI-0326,PF-03,EST-01,9690000,0,Riesgo Bajo
CTA-0327,CLI-0327,PF-03,EST-02,10710000,45,Riesgo Medio
CTA-0328,CLI-0328,PF-04,EST-03,3170000,60,Riesgo Medio
CTA-0329,CLI-0329,PF-03,EST-01,7360000,15,Riesgo Bajo
CTA-0330,CLI-0330,PF-03,EST-02,20490000,0,Riesgo Medio
CTA-0331,CLI-0331,PF-03,EST-02,21270000,30,Riesgo Medio
CTA-0332,CLI-0332,PF-05,EST-01,5420000,0,Riesgo Bajo
CTA-0333,CLI-0333,PF-05,EST-01,12090000,60,Riesgo Medio
CTA-0334,CLI-0334,PF-04,EST-02,14880000,0,Riesgo Medio
CTA-0335,CLI-0335,PF-02,EST-01,15650000,30,Riesgo Bajo
CTA-0336,CLI-0336,PF-03,EST-03,18750000,90,Riesgo Medio
CTA-0337,CLI-0337,PF-05,EST-02,13560000,0,Riesgo Medio
CTA-0338,CLI-0338,PF-05,EST-03,5480000,0,Riesgo Bajo
CTA-0339,CLI-0339,PF-04,EST-02,20820000,30,Riesgo Medio
CTA-0340,CLI-0340,PF-05,EST-03,17980000,15,Riesgo Bajo
CTA-0341,CLI-0341,PF-04,EST-01,1500000,0,Riesgo Bajo
CTA-0342,CLI-0342,PF-03,EST-03,1610000,0,Riesgo Bajo
CTA-0343,CLI-0343,PF-05,EST-02,4700000,120,Riesgo Medio
CTA-0344,CLI-0344,PF-03,EST-01,3970000,30,Riesgo Bajo
CTA-0345,CLI-0345,PF-05,EST-01,13230000,15,Riesgo Bajo
CTA-0346,CLI-0346,PF-04,EST-01,4920000,0,Riesgo Bajo
CTA-0347,CLI-0347,PF-04,EST-02,5470000,15,Riesgo Medio
CTA-0348,CLI-0348,PF-04,EST-01,17350000,15,Riesgo Bajo
CTA-0349,CLI-0349,PF-03,EST-01,8570000,30,Riesgo Bajo
CTA-0350,CLI-0350,PF-01,EST-03,6020000,15,Riesgo Bajo
CTA-0351,CLI-0351,PF-04,EST-01,11820000,30,Riesgo Bajo
CTA-0352,CLI-0352,PF-01,EST-02,4300000,0,Riesgo Medio
CTA-0353,CLI-0353,PF-05,EST-01,19200000,90,Riesgo Alto
CTA-0354,CLI-0354,PF-03,EST-01,9380000,0,Riesgo Bajo
CTA-0355,CLI-0355,PF-05,EST-03,14930000,120,Riesgo Medio
CTA-0356,CLI-0356,PF-03,EST-01,20930000,0,Riesgo Bajo
CTA-0357,CLI-0357,PF-05,EST-02,16170000,0,Riesgo Medio
CTA-0358,CLI-0358,PF-05,EST-03,21340000,15,Riesgo Bajo
CTA-0359,CLI-0359,PF-05,EST-01,16560000,30,Riesgo Bajo
CTA-0360,CLI-0360,PF-05,EST-02,7850000,15,Riesgo Medio
CTA-0361,CLI-0361,PF-02,EST-02,13330000,60,Riesgo Medio
CTA-0362,CLI-0362,PF-03,EST-01,7860000,60,Riesgo Medio
CTA-0363,CLI-0363,PF-03,EST-01,19750000,0,Riesgo Bajo
CTA-0364,CLI-0364,PF-04,EST-02,21880000,60,Riesgo Medio
CTA-0365,CLI-0365,PF-05,EST-02,6910000,0,Riesgo Medio
CTA-0366,CLI-0366,PF-04,EST-01,6270000,0,Riesgo Bajo
CTA-0367,CLI-0367,PF-05,EST-02,8320000,0,Riesgo Medio
CTA-0368,CLI-0368,PF-03,EST-01,21590000,0,Riesgo Bajo
CTA-0369,CLI-0369,PF-03,EST-03,20610000,120,Riesgo Medio
CTA-0370,CLI-0370,PF-03,EST-01,11730000,0,Riesgo Bajo
CTA-0371,CLI-0371,PF-02,EST-01,12430000,0,Riesgo Bajo
CTA-0372,CLI-0372,PF-05,EST-03,21400000,15,Riesgo Bajo
CTA-0373,CLI-0373,PF-03,EST-02,13880000,60,Riesgo Medio
CTA-0374,CLI-0374,PF-03,EST-01,19230000,120,Riesgo Alto
CTA-0375,CLI-0375,PF-04,EST-02,19300000,0,Riesgo Medio
CTA-0376,CLI-0376,PF-01,EST-02,16150000,0,Riesgo Medio
CTA-0377,CLI-0377,PF-01,EST-03,2910000,0,Riesgo Bajo
CTA-0378,CLI-0378,PF-01,EST-01,1380000,0,Riesgo Bajo
CTA-0379,CLI-0379,PF-05,EST-03,18590000,60,Riesgo Medio
CTA-0380,CLI-0380,PF-05,EST-01,5880000,0,Riesgo Bajo
CTA-0381,CLI-0381,PF-04,EST-03,3440000,0,Riesgo Bajo
CTA-0382,CLI-0382,PF-04,EST-02,9310000,0,Riesgo Medio
CTA-0383,CLI-0383,PF-05,EST-01,20470000,0,Riesgo Bajo
CTA-0384,CLI-0384,PF-03,EST-01,20390000,0,Riesgo Bajo
CTA-0385,CLI-0385,PF-04,EST-02,7710000,0,Riesgo Medio
CTA-0386,CLI-0386,PF-01,EST-02,2150000,60,Riesgo Medio
CTA-0387,CLI-0387,PF-04,EST-03,1910000,15,Riesgo Bajo
CTA-0388,CLI-0388,PF-05,EST-02,18650000,45,Riesgo Medio
CTA-0389,CLI-0389,PF-03,EST-02,17590000,120,Riesgo Medio
CTA-0390,CLI-0390,PF-05,EST-01,21380000,30,Riesgo Bajo
CTA-0391,CLI-0391,PF-05,EST-01,10360000,0,Riesgo Bajo
CTA-0392,CLI-0392,PF-04,EST-01,9540000,60,Riesgo Medio
CTA-0393,CLI-0393,PF-02,EST-01,2380000,120,Riesgo Alto
CTA-0394,CLI-0394,PF-03,EST-02,1820000,45,Riesgo Medio
CTA-0395,CLI-0395,PF-03,EST-03,19680000,0,Riesgo Bajo
CTA-0396,CLI-0396,PF-04,EST-01,16970000,30,Riesgo Bajo
CTA-0397,CLI-0397,PF-05,EST-02,9840000,0,Riesgo Medio
CTA-0398,CLI-0398,PF-05,EST-02,16360000,90,Riesgo Medio
CTA-0399,CLI-0399,PF-03,EST-03,11510000,90,Riesgo Medio
CTA-0400,CLI-0400,PF-05,EST-02,3090000,30,Riesgo Medio
CTA-0401,CLI-0401,PF-04,EST-03,13060000,30,Riesgo Bajo
CTA-0402,CLI-0402,PF-05,EST-02,780000,0,Riesgo Medio
CTA-0403,CLI-0403,PF-03,EST-02,640000,15,Riesgo Medio
CTA-0404,CLI-0404,PF-01,EST-02,2160000,60,Riesgo Medio
CTA-0405,CLI-0405,PF-05,EST-03,18780000,0,Riesgo Bajo
CTA-0406,CLI-0406,PF-03,EST-02,15740000,15,Riesgo Medio
CTA-0407,CLI-0407,PF-03,EST-03,8210000,0,Riesgo Bajo
CTA-0408,CLI-0408,PF-03,EST-01,6250000,120,Riesgo Alto
CTA-0409,CLI-0409,PF-03,EST-02,4530000,0,Riesgo Medio
CTA-0410,CLI-0410,PF-05,EST-01,13630000,120,Riesgo Alto
CTA-0411,CLI-0411,PF-05,EST-02,7330000,0,Riesgo Medio
CTA-0412,CLI-0412,PF-03,EST-01,13530000,120,Riesgo Alto
CTA-0413,CLI-0413,PF-01,EST-01,3120000,90,Riesgo Alto
CTA-0414,CLI-0414,PF-03,EST-02,17500000,60,Riesgo Medio
CTA-0415,CLI-0415,PF-05,EST-01,1130000,45,Riesgo Medio
CTA-0416,CLI-0416,PF-04,EST-03,14950000,60,Riesgo Medio
CTA-0417,CLI-0417,PF-03,EST-03,18900000,45,Riesgo Medio
CTA-0418,CLI-0418,PF-04,EST-02,10970000,45,Riesgo Medio
CTA-0419,CLI-0419,PF-03,EST-03,7400000,0,Riesgo Bajo
CTA-0420,CLI-0420,PF-03,EST-03,2740000,15,Riesgo Bajo
CTA-0421,CLI-0421,PF-03,EST-02,5990000,90,Riesgo Medio
CTA-0422,CLI-0422,PF-05,EST-02,6660000,60,Riesgo Medio
CTA-0423,CLI-0423,PF-03,EST-01,15930000,0,Riesgo Bajo
CTA-0424,CLI-0424,PF-03,EST-01,20010000,0,Riesgo Bajo
CTA-0425,CLI-0425,PF-01,EST-03,14720000,0,Riesgo Bajo
CTA-0426,CLI-0426,PF-03,EST-01,16930000,0,Riesgo Bajo
CTA-0427,CLI-0427,PF-05,EST-01,21540000,90,Riesgo Alto
CTA-0428,CLI-0428,PF-03,EST-01,9600000,45,Riesgo Medio
CTA-0429,CLI-0429,PF-04,EST-01,7220000,0,Riesgo Bajo
CTA-0430,CLI-0430,PF-03,EST-02,14550000,120,Riesgo Medio
CTA-0431,CLI-0431,PF-05,EST-01,4380000,0,Riesgo Bajo
CTA-0432,CLI-0432,PF-05,EST-02,18010000,30,Riesgo Medio
CTA-0433,CLI-0433,PF-04,EST-02,20460000,0,Riesgo Medio
CTA-0434,CLI-0434,PF-05,EST-03,4870000,60,Riesgo Medio
CTA-0435,CLI-0435,PF-01,EST-01,6110000,120,Riesgo Alto
CTA-0436,CLI-0436,PF-05,EST-02,20510000,15,Riesgo Medio
CTA-0437,CLI-0437,PF-03,EST-02,3420000,120,Riesgo Medio
CTA-0438,CLI-0438,PF-02,EST-01,18360000,60,Riesgo Medio
CTA-0439,CLI-0439,PF-05,EST-02,5250000,30,Riesgo Medio
CTA-0440,CLI-0440,PF-05,EST-02,21140000,0,Riesgo Medio
CTA-0441,CLI-0441,PF-04,EST-02,19350000,120,Riesgo Medio
CTA-0442,CLI-0442,PF-05,EST-02,3260000,60,Riesgo Medio
CTA-0443,CLI-0443,PF-03,EST-01,670000,30,Riesgo Bajo
CTA-0444,CLI-0444,PF-01,EST-01,3440000,120,Riesgo Alto
CTA-0445,CLI-0445,PF-04,EST-02,18910000,15,Riesgo Medio
CTA-0446,CLI-0446,PF-03,EST-02,3750000,45,Riesgo Medio
CTA-0447,CLI-0447,PF-01,EST-02,11350000,45,Riesgo Medio
CTA-0448,CLI-0448,PF-03,EST-01,17980000,0,Riesgo Bajo
CTA-0449,CLI-0449,PF-05,EST-03,5970000,30,Riesgo Bajo
CTA-0450,CLI-0450,PF-03,EST-01,7900000,30,Riesgo Bajo
CTA-0451,CLI-0451,PF-03,EST-03,4480000,45,Riesgo Medio
CTA-0452,CLI-0452,PF-03,EST-02,9240000,0,Riesgo Medio
CTA-0453,CLI-0453,PF-05,EST-02,18320000,0,Riesgo Medio
CTA-0454,CLI-0454,PF-03,EST-01,10630000,30,Riesgo Bajo
CTA-0455,CLI-0455,PF-05,EST-01,21730000,0,Riesgo Bajo
CTA-0456,CLI-0456,PF-05,EST-01,1090000,90,Riesgo Alto
CTA-0457,CLI-0457,PF-05,EST-02,11410000,60,Riesgo Medio
CTA-0458,CLI-0458,PF-04,EST-01,20380000,30,Riesgo Bajo
CTA-0459,CLI-0459,PF-04,EST-01,3780000,90,Riesgo Alto
CTA-0460,CLI-0460,PF-01,EST-01,8650000,0,Riesgo Bajo
CTA-0461,CLI-0461,PF-01,EST-01,15560000,90,Riesgo Alto
CTA-0462,CLI-0462,PF-05,EST-02,11730000,90,Riesgo Medio
CTA-0463,CLI-0463,PF-01,EST-03,7250000,120,Riesgo Medio
CTA-0464,CLI-0464,PF-03,EST-02,13080000,60,Riesgo Medio
CTA-0465,CLI-0465,PF-03,EST-02,12620000,15,Riesgo Medio
CTA-0466,CLI-0466,PF-03,EST-01,6670000,90,Riesgo Alto
CTA-0467,CLI-0467,PF-05,EST-01,18730000,15,Riesgo Bajo
CTA-0468,CLI-0468,PF-03,EST-01,3170000,0,Riesgo Bajo
CTA-0469,CLI-0469,PF-01,EST-01,1950000,120,Riesgo Alto
CTA-0470,CLI-0470,PF-05,EST-02,6430000,90,Riesgo Medio
CTA-0471,CLI-0471,PF-01,EST-03,9790000,120,Riesgo Medio
CTA-0472,CLI-0472,PF-03,EST-02,17990000,0,Riesgo Medio
CTA-0473,CLI-0473,PF-05,EST-02,7900000,30,Riesgo Medio
CTA-0474,CLI-0474,PF-03,EST-02,17060000,0,Riesgo Medio
CTA-0475,CLI-0475,PF-03,EST-01,14320000,0,Riesgo Bajo
CTA-0476,CLI-0476,PF-03,EST-03,17070000,0,Riesgo Bajo
CTA-0477,CLI-0477,PF-05,EST-03,11660000,15,Riesgo Bajo
CTA-0478,CLI-0478,PF-04,EST-02,8820000,0,Riesgo Medio
CTA-0479,CLI-0479,PF-03,EST-02,9040000,45,Riesgo Medio
CTA-0480,CLI-0480,PF-03,EST-02,5620000,0,Riesgo Medio
CTA-0481,CLI-0481,PF-03,EST-02,9270000,15,Riesgo Medio
CTA-0482,CLI-0482,PF-05,EST-01,8540000,120,Riesgo Alto
CTA-0483,CLI-0483,PF-04,EST-01,8570000,90,Riesgo Alto
CTA-0484,CLI-0484,PF-01,EST-02,1500000,90,Riesgo Medio
CTA-0485,CLI-0485,PF-04,EST-02,13590000,0,Riesgo Medio
CTA-0486,CLI-0486,PF-05,EST-02,1820000,60,Riesgo Medio
CTA-0487,CLI-0487,PF-01,EST-01,17680000,45,Riesgo Medio
CTA-0488,CLI-0488,PF-05,EST-01,14810000,15,Riesgo Bajo
CTA-0489,CLI-0489,PF-03,EST-02,13180000,15,Riesgo Medio
CTA-0490,CLI-0490,PF-05,EST-01,5060000,120,Riesgo Alto
CTA-0491,CLI-0491,PF-05,EST-01,14070000,120,Riesgo Alto
CTA-0492,CLI-0492,PF-03,EST-02,18200000,0,Riesgo Medio
CTA-0493,CLI-0493,PF-01,EST-02,18670000,0,Riesgo Medio
CTA-0494,CLI-0494,PF-04,EST-01,8170000,90,Riesgo Alto
CTA-0495,CLI-0495,PF-03,EST-01,11590000,15,Riesgo Bajo
CTA-0496,CLI-0496,PF-01,EST-01,5330000,0,Riesgo Bajo
CTA-0497,CLI-0497,PF-05,EST-01,18720000,0,Riesgo Bajo
CTA-0498,CLI-0498,PF-04,EST-02,5790000,15,Riesgo Medio
CTA-0499,CLI-0499,PF-03,EST-03,11540000,90,Riesgo Medio
CTA-0500,CLI-0500,PF-05,EST-01,670000,45,Riesgo Medio
CTA-0501,CLI-0501,PF-04,EST-01,12900000,0,Riesgo Bajo
CTA-0502,CLI-0502,PF-03,EST-01,8170000,30,Riesgo Bajo
CTA-0503,CLI-0503,PF-05,EST-03,15360000,0,Riesgo Bajo
CTA-0504,CLI-0504,PF-03,EST-03,10290000,15,Riesgo Bajo
CTA-0505,CLI-0505,PF-05,EST-01,14890000,90,Riesgo Alto
CTA-0506,CLI-0506,PF-03,EST-02,16870000,30,Riesgo Medio
CTA-0507,CLI-0507,PF-04,EST-01,19180000,15,Riesgo Bajo
CTA-0508,CLI-0508,PF-05,EST-01,7320000,15,Riesgo Bajo
CTA-0509,CLI-0509,PF-01,EST-01,2750000,0,Riesgo Bajo
CTA-0510,CLI-0510,PF-02,EST-02,16540000,0,Riesgo Medio
CTA-0511,CLI-0511,PF-05,EST-02,6470000,0,Riesgo Medio
CTA-0512,CLI-0512,PF-03,EST-03,7970000,120,Riesgo Medio
CTA-0513,CLI-0513,PF-03,EST-01,5920000,0,Riesgo Bajo
CTA-0514,CLI-0514,PF-03,EST-02,18870000,15,Riesgo Medio
CTA-0515,CLI-0515,PF-03,EST-03,9950000,120,Riesgo Medio
CTA-0516,CLI-0516,PF-03,EST-02,4810000,15,Riesgo Medio
CTA-0517,CLI-0517,PF-02,EST-01,18010000,60,Riesgo Medio
CTA-0518,CLI-0518,PF-03,EST-02,5560000,0,Riesgo Medio
CTA-0519,CLI-0519,PF-05,EST-03,11760000,45,Riesgo Medio
CTA-0520,CLI-0520,PF-04,EST-02,7550000,15,Riesgo Medio
CTA-0521,CLI-0521,PF-01,EST-03,7700000,0,Riesgo Bajo
CTA-0522,CLI-0522,PF-01,EST-03,20660000,90,Riesgo Medio
CTA-0523,CLI-0523,PF-01,EST-03,14940000,0,Riesgo Bajo
CTA-0524,CLI-0524,PF-03,EST-03,5470000,15,Riesgo Bajo
CTA-0525,CLI-0525,PF-04,EST-01,2460000,30,Riesgo Bajo
CTA-0526,CLI-0526,PF-05,EST-03,21930000,15,Riesgo Bajo
CTA-0527,CLI-0527,PF-03,EST-02,12270000,120,Riesgo Medio
CTA-0528,CLI-0528,PF-03,EST-02,4740000,60,Riesgo Medio
CTA-0529,CLI-0529,PF-05,EST-01,14840000,15,Riesgo Bajo
CTA-0530,CLI-0530,PF-03,EST-03,18020000,15,Riesgo Bajo
CTA-0531,CLI-0531,PF-04,EST-01,20590000,0,Riesgo Bajo
CTA-0532,CLI-0532,PF-03,EST-01,10100000,0,Riesgo Bajo
CTA-0533,CLI-0533,PF-05,EST-02,13880000,0,Riesgo Medio
CTA-0534,CLI-0534,PF-04,EST-01,4600000,0,Riesgo Bajo
CTA-0535,CLI-0535,PF-03,EST-03,11470000,45,Riesgo Medio
CTA-0536,CLI-0536,PF-05,EST-01,21220000,0,Riesgo Bajo
CTA-0537,CLI-0537,PF-03,EST-01,11260000,0,Riesgo Bajo
CTA-0538,CLI-0538,PF-03,EST-01,17320000,15,Riesgo Bajo
CTA-0539,CLI-0539,PF-03,EST-02,13010000,60,Riesgo Medio
CTA-0540,CLI-0540,PF-03,EST-03,16520000,45,Riesgo Medio
CTA-0541,CLI-0541,PF-04,EST-03,14970000,0,Riesgo Bajo
CTA-0542,CLI-0542,PF-04,EST-02,13950000,45,Riesgo Medio
CTA-0543,CLI-0543,PF-03,EST-02,8130000,120,Riesgo Medio
CTA-0544,CLI-0544,PF-05,EST-01,18140000,30,Riesgo Bajo
CTA-0545,CLI-0545,PF-05,EST-01,16860000,120,Riesgo Alto
CTA-0546,CLI-0546,PF-05,EST-02,18210000,0,Riesgo Medio
CTA-0547,CLI-0547,PF-03,EST-02,15160000,15,Riesgo Medio
CTA-0548,CLI-0548,PF-04,EST-02,1670000,120,Riesgo Medio
CTA-0549,CLI-0549,PF-03,EST-01,17540000,0,Riesgo Bajo
CTA-0550,CLI-0550,PF-03,EST-03,7740000,0,Riesgo Bajo
CTA-0551,CLI-0551,PF-03,EST-02,21980000,30,Riesgo Medio
CTA-0552,CLI-0552,PF-03,EST-01,9260000,120,Riesgo Alto
CTA-0553,CLI-0553,PF-05,EST-02,1670000,30,Riesgo Medio
CTA-0554,CLI-0554,PF-05,EST-03,13460000,15,Riesgo Bajo
CTA-0555,CLI-0555,PF-05,EST-03,5500000,30,Riesgo Bajo
CTA-0556,CLI-0556,PF-03,EST-02,17320000,0,Riesgo Medio
CTA-0557,CLI-0557,PF-05,EST-01,11710000,15,Riesgo Bajo
CTA-0558,CLI-0558,PF-03,EST-01,3910000,0,Riesgo Bajo
CTA-0559,CLI-0559,PF-04,EST-02,19760000,120,Riesgo Medio
CTA-0560,CLI-0560,PF-03,EST-01,3390000,0,Riesgo Bajo
CTA-0561,CLI-0561,PF-04,EST-01,19110000,30,Riesgo Bajo
CTA-0562,CLI-0562,PF-03,EST-02,1090000,0,Riesgo Medio
CTA-0563,CLI-0563,PF-03,EST-03,7110000,45,Riesgo Medio
CTA-0564,CLI-0564,PF-05,EST-02,1050000,15,Riesgo Medio
CTA-0565,CLI-0565,PF-03,EST-02,10290000,60,Riesgo Medio
CTA-0566,CLI-0566,PF-03,EST-02,8600000,45,Riesgo Medio
CTA-0567,CLI-0567,PF-03,EST-01,700000,0,Riesgo Bajo
CTA-0568,CLI-0568,PF-01,EST-02,15830000,60,Riesgo Medio
CTA-0569,CLI-0569,PF-04,EST-02,10270000,90,Riesgo Medio
CTA-0570,CLI-0570,PF-04,EST-02,21060000,0,Riesgo Medio
CTA-0571,CLI-0571,PF-03,EST-03,16980000,15,Riesgo Bajo
CTA-0572,CLI-0572,PF-05,EST-01,17870000,30,Riesgo Bajo
CTA-0573,CLI-0573,PF-04,EST-02,6410000,0,Riesgo Medio
CTA-0574,CLI-0574,PF-05,EST-03,8780000,15,Riesgo Bajo
CTA-0575,CLI-0575,PF-03,EST-01,12360000,0,Riesgo Bajo
CTA-0576,CLI-0576,PF-03,EST-01,14840000,0,Riesgo Bajo
CTA-0577,CLI-0577,PF-05,EST-03,15560000,15,Riesgo Bajo
CTA-0578,CLI-0578,PF-05,EST-01,9520000,30,Riesgo Bajo
CTA-0579,CLI-0579,PF-05,EST-01,14000000,0,Riesgo Bajo
CTA-0580,CLI-0580,PF-04,EST-01,5240000,120,Riesgo Alto
CTA-0581,CLI-0581,PF-03,EST-01,7040000,120,Riesgo Alto
CTA-0582,CLI-0582,PF-05,EST-03,19090000,0,Riesgo Bajo
CTA-0583,CLI-0583,PF-02,EST-02,13180000,30,Riesgo Medio
CTA-0584,CLI-0584,PF-05,EST-02,16460000,60,Riesgo Medio
CTA-0585,CLI-0585,PF-05,EST-03,16200000,120,Riesgo Medio
CTA-0586,CLI-0586,PF-01,EST-02,12050000,30,Riesgo Medio
CTA-0587,CLI-0587,PF-03,EST-01,8150000,45,Riesgo Medio
CTA-0588,CLI-0588,PF-05,EST-01,1940000,120,Riesgo Alto
CTA-0589,CLI-0589,PF-03,EST-01,9050000,60,Riesgo Medio
CTA-0590,CLI-0590,PF-03,EST-03,4800000,120,Riesgo Medio
CTA-0591,CLI-0591,PF-03,EST-03,14340000,15,Riesgo Bajo
CTA-0592,CLI-0592,PF-04,EST-02,4190000,30,Riesgo Medio
CTA-0593,CLI-0593,PF-03,EST-01,9190000,0,Riesgo Bajo
CTA-0594,CLI-0594,PF-05,EST-01,6020000,15,Riesgo Bajo
CTA-0595,CLI-0595,PF-03,EST-02,19970000,0,Riesgo Medio
CTA-0596,CLI-0596,PF-03,EST-01,9690000,120,Riesgo Alto
CTA-0597,CLI-0597,PF-05,EST-03,6360000,120,Riesgo Medio
CTA-0598,CLI-0598,PF-03,EST-03,16470000,60,Riesgo Medio
CTA-0599,CLI-0599,PF-04,EST-02,12590000,0,Riesgo Medio
CTA-0600,CLI-0600,PF-01,EST-01,17840000,45,Riesgo Medio
CTA-0601,CLI-0601,PF-03,EST-01,5090000,15,Riesgo Bajo
CTA-0602,CLI-0602,PF-04,EST-02,12410000,0,Riesgo Medio
CTA-0603,CLI-0603,PF-04,EST-02,16940000,15,Riesgo Medio
CTA-0604,CLI-0604,PF-01,EST-03,11050000,0,Riesgo Bajo
CTA-0605,CLI-0605,PF-04,EST-01,13590000,0,Riesgo Bajo
CTA-0606,CLI-0606,PF-03,EST-03,8210000,90,Riesgo Medio
CTA-0607,CLI-0607,PF-03,EST-03,10080000,30,Riesgo Bajo
CTA-0608,CLI-0608,PF-05,EST-03,6900000,15,Riesgo Bajo
CTA-0609,CLI-0609,PF-05,EST-02,16160000,45,Riesgo Medio
CTA-0610,CLI-0610,PF-03,EST-01,810000,0,Riesgo Bajo
CTA-0611,CLI-0611,PF-03,EST-01,10520000,0,Riesgo Bajo
CTA-0612,CLI-0612,PF-02,EST-03,14230000,90,Riesgo Medio
CTA-0613,CLI-0613,PF-03,EST-01,7110000,45,Riesgo Medio
CTA-0614,CLI-0614,PF-05,EST-02,6650000,90,Riesgo Medio
CTA-0615,CLI-0615,PF-03,EST-02,16800000,45,Riesgo Medio
CTA-0616,CLI-0616,PF-04,EST-03,18380000,30,Riesgo Bajo
CTA-0617,CLI-0617,PF-05,EST-01,1120000,120,Riesgo Alto
CTA-0618,CLI-0618,PF-04,EST-02,14120000,15,Riesgo Medio
CTA-0619,CLI-0619,PF-05,EST-03,10750000,0,Riesgo Bajo
CTA-0620,CLI-0620,PF-03,EST-02,6430000,45,Riesgo Medio
CTA-0621,CLI-0621,PF-03,EST-02,11870000,15,Riesgo Medio
CTA-0622,CLI-0622,PF-03,EST-03,4800000,60,Riesgo Medio
CTA-0623,CLI-0623,PF-04,EST-01,12210000,0,Riesgo Bajo
CTA-0624,CLI-0624,PF-05,EST-02,10180000,30,Riesgo Medio
CTA-0625,CLI-0625,PF-05,EST-01,19680000,30,Riesgo Bajo
CTA-0626,CLI-0626,PF-05,EST-01,17240000,90,Riesgo Alto
CTA-0627,CLI-0627,PF-03,EST-03,12530000,90,Riesgo Medio
CTA-0628,CLI-0628,PF-02,EST-01,8490000,0,Riesgo Bajo
CTA-0629,CLI-0629,PF-05,EST-02,17340000,90,Riesgo Medio
CTA-0630,CLI-0630,PF-04,EST-01,9990000,0,Riesgo Bajo
CTA-0631,CLI-0631,PF-01,EST-01,21490000,0,Riesgo Bajo
CTA-0632,CLI-0632,PF-05,EST-02,16420000,90,Riesgo Medio
CTA-0633,CLI-0633,PF-03,EST-02,17930000,45,Riesgo Medio
CTA-0634,CLI-0634,PF-01,EST-02,18350000,30,Riesgo Medio
CTA-0635,CLI-0635,PF-03,EST-01,6970000,120,Riesgo Alto
CTA-0636,CLI-0636,PF-05,EST-03,3880000,0,Riesgo Bajo
CTA-0637,CLI-0637,PF-03,EST-01,17110000,45,Riesgo Medio
CTA-0638,CLI-0638,PF-04,EST-02,17970000,90,Riesgo Medio
CTA-0639,CLI-0639,PF-01,EST-02,13810000,15,Riesgo Medio
CTA-0640,CLI-0640,PF-04,EST-01,20210000,120,Riesgo Alto
CTA-0641,CLI-0641,PF-05,EST-02,17630000,90,Riesgo Medio
CTA-0642,CLI-0642,PF-04,EST-01,5330000,0,Riesgo Bajo
CTA-0643,CLI-0643,PF-04,EST-01,5940000,0,Riesgo Bajo
CTA-0644,CLI-0644,PF-02,EST-02,21420000,15,Riesgo Medio
CTA-0645,CLI-0645,PF-01,EST-02,3800000,60,Riesgo Medio
CTA-0646,CLI-0646,PF-03,EST-03,2140000,0,Riesgo Bajo
CTA-0647,CLI-0647,PF-03,EST-01,9610000,45,Riesgo Medio
CTA-0648,CLI-0648,PF-05,EST-03,7050000,60,Riesgo Medio
CTA-0649,CLI-0649,PF-01,EST-01,1710000,30,Riesgo Bajo
CTA-0650,CLI-0650,PF-05,EST-01,16250000,0,Riesgo Bajo
CTA-0651,CLI-0651,PF-05,EST-01,14270000,15,Riesgo Bajo
CTA-0652,CLI-0652,PF-05,EST-02,17230000,0,Riesgo Medio
CTA-0653,CLI-0653,PF-05,EST-01,9640000,0,Riesgo Bajo
CTA-0654,CLI-0654,PF-01,EST-02,11260000,0,Riesgo Medio
CTA-0655,CLI-0655,PF-03,EST-02,17800000,120,Riesgo Medio
CTA-0656,CLI-0656,PF-01,EST-01,15990000,90,Riesgo Alto
CTA-0657,CLI-0657,PF-04,EST-03,6170000,30,Riesgo Bajo
CTA-0658,CLI-0658,PF-05,EST-02,21920000,0,Riesgo Medio
CTA-0659,CLI-0659,PF-05,EST-01,13530000,0,Riesgo Bajo
CTA-0660,CLI-0660,PF-04,EST-02,3170000,0,Riesgo Medio
CTA-0661,CLI-0661,PF-04,EST-01,17950000,0,Riesgo Bajo
CTA-0662,CLI-0662,PF-05,EST-01,10560000,15,Riesgo Bajo
CTA-0663,CLI-0663,PF-05,EST-02,19480000,0,Riesgo Medio
CTA-0664,CLI-0664,PF-03,EST-02,14250000,0,Riesgo Medio
CTA-0665,CLI-0665,PF-02,EST-01,12470000,30,Riesgo Bajo
CTA-0666,CLI-0666,PF-04,EST-03,8190000,0,Riesgo Bajo
CTA-0667,CLI-0667,PF-04,EST-01,10100000,30,Riesgo Bajo
CTA-0668,CLI-0668,PF-02,EST-03,14600000,0,Riesgo Bajo
CTA-0669,CLI-0669,PF-01,EST-02,18300000,15,Riesgo Medio
CTA-0670,CLI-0670,PF-04,EST-02,15730000,0,Riesgo Medio
CTA-0671,CLI-0671,PF-01,EST-03,9830000,30,Riesgo Bajo
CTA-0672,CLI-0672,PF-01,EST-02,11190000,60,Riesgo Medio
CTA-0673,CLI-0673,PF-04,EST-03,5070000,90,Riesgo Medio
CTA-0674,CLI-0674,PF-03,EST-02,1510000,0,Riesgo Medio
CTA-0675,CLI-0675,PF-05,EST-02,8420000,120,Riesgo Medio
CTA-0676,CLI-0676,PF-03,EST-03,18430000,60,Riesgo Medio
CTA-0677,CLI-0677,PF-05,EST-01,16710000,30,Riesgo Bajo
CTA-0678,CLI-0678,PF-01,EST-02,5840000,0,Riesgo Medio
CTA-0679,CLI-0679,PF-04,EST-01,13250000,90,Riesgo Alto
CTA-0680,CLI-0680,PF-03,EST-01,5840000,90,Riesgo Alto
CTA-0681,CLI-0681,PF-05,EST-01,7490000,30,Riesgo Bajo
CTA-0682,CLI-0682,PF-05,EST-03,2160000,0,Riesgo Bajo
CTA-0683,CLI-0683,PF-01,EST-01,18750000,90,Riesgo Alto
CTA-0684,CLI-0684,PF-05,EST-03,17520000,60,Riesgo Medio
CTA-0685,CLI-0685,PF-01,EST-03,21270000,30,Riesgo Bajo
CTA-0686,CLI-0686,PF-04,EST-01,15840000,60,Riesgo Medio
CTA-0687,CLI-0687,PF-04,EST-01,4050000,30,Riesgo Bajo
CTA-0688,CLI-0688,PF-05,EST-03,10050000,0,Riesgo Bajo
CTA-0689,CLI-0689,PF-03,EST-03,15210000,45,Riesgo Medio
CTA-0690,CLI-0690,PF-05,EST-01,3870000,45,Riesgo Medio
CTA-0691,CLI-0691,PF-04,EST-01,12600000,0,Riesgo Bajo
CTA-0692,CLI-0692,PF-03,EST-03,16320000,0,Riesgo Bajo
CTA-0693,CLI-0693,PF-04,EST-01,10990000,0,Riesgo Bajo
CTA-0694,CLI-0694,PF-04,EST-01,12660000,120,Riesgo Alto
CTA-0695,CLI-0695,PF-05,EST-01,18610000,15,Riesgo Bajo
CTA-0696,CLI-0696,PF-03,EST-01,20620000,120,Riesgo Alto
CTA-0697,CLI-0697,PF-03,EST-03,10250000,30,Riesgo Bajo
CTA-0698,CLI-0698,PF-04,EST-01,12810000,60,Riesgo Medio
CTA-0699,CLI-0699,PF-04,EST-01,3670000,45,Riesgo Medio
CTA-0700,CLI-0700,PF-05,EST-01,18590000,90,Riesgo Alto
CTA-0701,CLI-0701,PF-04,EST-03,16630000,30,Riesgo Bajo
CTA-0702,CLI-0702,PF-05,EST-02,13600000,120,Riesgo Medio
CTA-0703,CLI-0703,PF-05,EST-01,16930000,15,Riesgo Bajo
CTA-0704,CLI-0704,PF-05,EST-01,12320000,0,Riesgo Bajo
CTA-0705,CLI-0705,PF-05,EST-01,20530000,90,Riesgo Alto
CTA-0706,CLI-0706,PF-04,EST-01,3440000,0,Riesgo Bajo
CTA-0707,CLI-0707,PF-04,EST-01,12360000,120,Riesgo Alto
CTA-0708,CLI-0708,PF-05,EST-01,13600000,0,Riesgo Bajo
CTA-0709,CLI-0709,PF-05,EST-01,12020000,15,Riesgo Bajo
CTA-0710,CLI-0710,PF-03,EST-01,15610000,15,Riesgo Bajo
CTA-0711,CLI-0711,PF-03,EST-02,19690000,60,Riesgo Medio
CTA-0712,CLI-0712,PF-05,EST-03,20500000,15,Riesgo Bajo
CTA-0713,CLI-0713,PF-05,EST-02,20710000,0,Riesgo Medio
CTA-0714,CLI-0714,PF-05,EST-02,4430000,45,Riesgo Medio
CTA-0715,CLI-0715,PF-04,EST-02,7930000,60,Riesgo Medio
CTA-0716,CLI-0716,PF-01,EST-03,20140000,60,Riesgo Medio
CTA-0717,CLI-0717,PF-05,EST-02,2450000,0,Riesgo Medio
CTA-0718,CLI-0718,PF-05,EST-03,18020000,0,Riesgo Bajo
CTA-0719,CLI-0719,PF-05,EST-02,18160000,15,Riesgo Medio
CTA-0720,CLI-0720,PF-04,EST-02,14500000,0,Riesgo Medio
CTA-0721,CLI-0721,PF-02,EST-03,17060000,15,Riesgo Bajo
CTA-0722,CLI-0722,PF-01,EST-01,21710000,60,Riesgo Medio
CTA-0723,CLI-0723,PF-05,EST-02,19250000,45,Riesgo Medio
CTA-0724,CLI-0724,PF-03,EST-03,17930000,90,Riesgo Medio
CTA-0725,CLI-0725,PF-03,EST-01,20290000,120,Riesgo Alto
CTA-0726,CLI-0726,PF-05,EST-02,19300000,45,Riesgo Medio
CTA-0727,CLI-0727,PF-03,EST-03,2680000,60,Riesgo Medio
CTA-0728,CLI-0728,PF-01,EST-02,16490000,45,Riesgo Medio
CTA-0729,CLI-0729,PF-04,EST-02,16290000,120,Riesgo Medio
CTA-0730,CLI-0730,PF-04,EST-02,5340000,90,Riesgo Medio
CTA-0731,CLI-0731,PF-03,EST-01,11370000,45,Riesgo Medio
CTA-0732,CLI-0732,PF-03,EST-02,2770000,0,Riesgo Medio
CTA-0733,CLI-0733,PF-03,EST-01,9160000,90,Riesgo Alto
CTA-0734,CLI-0734,PF-05,EST-03,7870000,45,Riesgo Medio
CTA-0735,CLI-0735,PF-04,EST-01,4850000,90,Riesgo Alto
CTA-0736,CLI-0736,PF-04,EST-03,20610000,90,Riesgo Medio
CTA-0737,CLI-0737,PF-05,EST-02,3710000,0,Riesgo Medio
CTA-0738,CLI-0738,PF-01,EST-01,19320000,15,Riesgo Bajo
CTA-0739,CLI-0739,PF-05,EST-02,16170000,0,Riesgo Medio
CTA-0740,CLI-0740,PF-05,EST-02,12090000,45,Riesgo Medio
CTA-0741,CLI-0741,PF-04,EST-03,13940000,30,Riesgo Bajo
CTA-0742,CLI-0742,PF-03,EST-02,8450000,90,Riesgo Medio
CTA-0743,CLI-0743,PF-04,EST-02,9920000,90,Riesgo Medio
CTA-0744,CLI-0744,PF-02,EST-01,3350000,60,Riesgo Medio
CTA-0745,CLI-0745,PF-05,EST-01,12780000,0,Riesgo Bajo
CTA-0746,CLI-0746,PF-03,EST-02,9370000,0,Riesgo Medio
CTA-0747,CLI-0747,PF-02,EST-02,15660000,90,Riesgo Medio
CTA-0748,CLI-0748,PF-01,EST-02,15130000,90,Riesgo Medio
CTA-0749,CLI-0749,PF-04,EST-01,17220000,30,Riesgo Bajo
CTA-0750,CLI-0750,PF-02,EST-01,6360000,90,Riesgo Alto
CTA-0751,CLI-0751,PF-04,EST-01,12950000,15,Riesgo Bajo
CTA-0752,CLI-0752,PF-01,EST-02,18440000,60,Riesgo Medio
CTA-0753,CLI-0753,PF-01,EST-01,17060000,15,Riesgo Bajo
CTA-0754,CLI-0754,PF-05,EST-02,790000,0,Riesgo Medio
CTA-0755,CLI-0755,PF-02,EST-01,19760000,30,Riesgo Bajo
CTA-0756,CLI-0756,PF-01,EST-03,9170000,0,Riesgo Bajo
CTA-0757,CLI-0757,PF-05,EST-01,15940000,15,Riesgo Bajo
CTA-0758,CLI-0758,PF-05,EST-02,6070000,90,Riesgo Medio
CTA-0759,CLI-0759,PF-05,EST-02,7850000,0,Riesgo Medio
CTA-0760,CLI-0760,PF-01,EST-03,2400000,0,Riesgo Bajo
CTA-0761,CLI-0761,PF-01,EST-01,17040000,0,Riesgo Bajo
CTA-0762,CLI-0762,PF-04,EST-02,15590000,60,Riesgo Medio
CTA-0763,CLI-0763,PF-04,EST-02,18140000,0,Riesgo Medio
CTA-0764,CLI-0764,PF-03,EST-01,2760000,0,Riesgo Bajo
CTA-0765,CLI-0765,PF-03,EST-03,2990000,0,Riesgo Bajo
CTA-0766,CLI-0766,PF-05,EST-03,20360000,15,Riesgo Bajo
CTA-0767,CLI-0767,PF-03,EST-01,5570000,15,Riesgo Bajo
CTA-0768,CLI-0768,PF-05,EST-01,3760000,120,Riesgo Alto
CTA-0769,CLI-0769,PF-03,EST-02,15090000,120,Riesgo Medio
CTA-0770,CLI-0770,PF-03,EST-01,1410000,0,Riesgo Bajo
CTA-0771,CLI-0771,PF-01,EST-02,12370000,30,Riesgo Medio
CTA-0772,CLI-0772,PF-03,EST-01,14740000,0,Riesgo Bajo
CTA-0773,CLI-0773,PF-05,EST-01,19960000,30,Riesgo Bajo
CTA-0774,CLI-0774,PF-05,EST-03,12490000,15,Riesgo Bajo
CTA-0775,CLI-0775,PF-05,EST-02,8910000,120,Riesgo Medio
CTA-0776,CLI-0776,PF-05,EST-02,17060000,45,Riesgo Medio
CTA-0777,CLI-0777,PF-03,EST-03,11370000,0,Riesgo Bajo
CTA-0778,CLI-0778,PF-02,EST-01,9420000,0,Riesgo Bajo
CTA-0779,CLI-0779,PF-05,EST-03,17990000,45,Riesgo Medio
CTA-0780,CLI-0780,PF-04,EST-02,2850000,15,Riesgo Medio
CTA-0781,CLI-0781,PF-05,EST-02,1490000,0,Riesgo Medio
CTA-0782,CLI-0782,PF-05,EST-01,19430000,30,Riesgo Bajo
CTA-0783,CLI-0783,PF-05,EST-01,20790000,30,Riesgo Bajo
CTA-0784,CLI-0784,PF-05,EST-02,18790000,0,Riesgo Medio
CTA-0785,CLI-0785,PF-04,EST-03,3720000,60,Riesgo Medio
CTA-0786,CLI-0786,PF-05,EST-01,9100000,60,Riesgo Medio
CTA-0787,CLI-0787,PF-04,EST-02,19360000,45,Riesgo Medio
CTA-0788,CLI-0788,PF-03,EST-01,7230000,15,Riesgo Bajo
CTA-0789,CLI-0789,PF-05,EST-03,5960000,45,Riesgo Medio
CTA-0790,CLI-0790,PF-03,EST-03,9850000,120,Riesgo Medio
CTA-0791,CLI-0791,PF-03,EST-02,9200000,30,Riesgo Medio
CTA-0792,CLI-0792,PF-05,EST-02,3080000,30,Riesgo Medio
CTA-0793,CLI-0793,PF-04,EST-01,20850000,120,Riesgo Alto
CTA-0794,CLI-0794,PF-05,EST-03,2420000,0,Riesgo Bajo
CTA-0795,CLI-0795,PF-05,EST-01,6830000,0,Riesgo Bajo
CTA-0796,CLI-0796,PF-04,EST-02,16050000,90,Riesgo Medio
CTA-0797,CLI-0797,PF-04,EST-01,21430000,15,Riesgo Bajo
CTA-0798,CLI-0798,PF-05,EST-02,10590000,0,Riesgo Medio
CTA-0799,CLI-0799,PF-05,EST-02,3460000,90,Riesgo Medio
CTA-0800,CLI-0800,PF-03,EST-02,15890000,0,Riesgo Medio
CTA-0801,CLI-0801,PF-03,EST-02,12580000,120,Riesgo Medio
CTA-0802,CLI-0802,PF-04,EST-02,17380000,15,Riesgo Medio
CTA-0803,CLI-0803,PF-05,EST-02,15310000,0,Riesgo Medio
CTA-0804,CLI-0804,PF-03,EST-03,610000,30,Riesgo Bajo
CTA-0805,CLI-0805,PF-03,EST-03,21060000,30,Riesgo Bajo
CTA-0806,CLI-0806,PF-05,EST-01,11200000,15,Riesgo Bajo
CTA-0807,CLI-0807,PF-01,EST-01,540000,15,Riesgo Bajo
CTA-0808,CLI-0808,PF-05,EST-03,18000000,0,Riesgo Bajo
CTA-0809,CLI-0809,PF-01,EST-02,17150000,0,Riesgo Medio
CTA-0810,CLI-0810,PF-05,EST-01,11760000,30,Riesgo Bajo
CTA-0811,CLI-0811,PF-03,EST-02,11010000,0,Riesgo Medio
CTA-0812,CLI-0812,PF-04,EST-02,10530000,0,Riesgo Medio
CTA-0813,CLI-0813,PF-03,EST-02,14200000,30,Riesgo Medio
CTA-0814,CLI-0814,PF-05,EST-03,5370000,60,Riesgo Medio
CTA-0815,CLI-0815,PF-03,EST-02,17180000,120,Riesgo Medio
CTA-0816,CLI-0816,PF-05,EST-01,7090000,90,Riesgo Alto
CTA-0817,CLI-0817,PF-04,EST-01,9430000,0,Riesgo Bajo
CTA-0818,CLI-0818,PF-05,EST-01,5230000,60,Riesgo Medio
CTA-0819,CLI-0819,PF-04,EST-01,6230000,90,Riesgo Alto
CTA-0820,CLI-0820,PF-03,EST-01,20700000,0,Riesgo Bajo
CTA-0821,CLI-0821,PF-02,EST-02,6270000,45,Riesgo Medio
CTA-0822,CLI-0822,PF-03,EST-01,7680000,45,Riesgo Medio
CTA-0823,CLI-0823,PF-03,EST-01,8610000,30,Riesgo Bajo
CTA-0824,CLI-0824,PF-03,EST-01,19920000,15,Riesgo Bajo
CTA-0825,CLI-0825,PF-05,EST-03,4800000,45,Riesgo Medio
CTA-0826,CLI-0826,PF-03,EST-01,11770000,15,Riesgo Bajo
CTA-0827,CLI-0827,PF-03,EST-03,6130000,90,Riesgo Medio
CTA-0828,CLI-0828,PF-03,EST-01,20470000,120,Riesgo Alto
CTA-0829,CLI-0829,PF-05,EST-01,13220000,0,Riesgo Bajo
CTA-0830,CLI-0830,PF-01,EST-03,560000,0,Riesgo Bajo
CTA-0831,CLI-0831,PF-04,EST-01,15940000,60,Riesgo Medio
CTA-0832,CLI-0832,PF-03,EST-01,750000,0,Riesgo Bajo
CTA-0833,CLI-0833,PF-03,EST-01,16520000,0,Riesgo Bajo
CTA-0834,CLI-0834,PF-05,EST-02,13140000,45,Riesgo Medio
CTA-0835,CLI-0835,PF-03,EST-02,20310000,0,Riesgo Medio
CTA-0836,CLI-0836,PF-04,EST-02,21900000,0,Riesgo Medio
CTA-0837,CLI-0837,PF-04,EST-01,13270000,120,Riesgo Alto
CTA-0838,CLI-0838,PF-05,EST-03,6460000,45,Riesgo Medio
CTA-0839,CLI-0839,PF-03,EST-02,1890000,30,Riesgo Medio
CTA-0840,CLI-0840,PF-01,EST-02,660000,60,Riesgo Medio
CTA-0841,CLI-0841,PF-03,EST-03,5940000,45,Riesgo Medio
CTA-0842,CLI-0842,PF-04,EST-03,7440000,60,Riesgo Medio
CTA-0843,CLI-0843,PF-03,EST-01,4200000,90,Riesgo Alto
CTA-0844,CLI-0844,PF-04,EST-02,18820000,90,Riesgo Medio
CTA-0845,CLI-0845,PF-05,EST-01,14820000,45,Riesgo Medio
CTA-0846,CLI-0846,PF-04,EST-03,17510000,120,Riesgo Medio
CTA-0847,CLI-0847,PF-04,EST-02,12110000,120,Riesgo Medio
CTA-0848,CLI-0848,PF-03,EST-02,2180000,45,Riesgo Medio
CTA-0849,CLI-0849,PF-03,EST-01,1430000,60,Riesgo Medio
CTA-0850,CLI-0850,PF-05,EST-02,16620000,90,Riesgo Medio
CTA-0851,CLI-0851,PF-05,EST-01,4650000,0,Riesgo Bajo
CTA-0852,CLI-0852,PF-05,EST-02,7840000,0,Riesgo Medio
CTA-0853,CLI-0853,PF-05,EST-01,10550000,30,Riesgo Bajo
CTA-0854,CLI-0854,PF-05,EST-01,2740000,0,Riesgo Bajo
CTA-0855,CLI-0855,PF-01,EST-01,13560000,0,Riesgo Bajo
CTA-0856,CLI-0856,PF-01,EST-01,20080000,15,Riesgo Bajo
CTA-0857,CLI-0857,PF-03,EST-03,21340000,30,Riesgo Bajo
CTA-0858,CLI-0858,PF-03,EST-03,18850000,45,Riesgo Medio
CTA-0859,CLI-0859,PF-04,EST-02,4920000,0,Riesgo Medio
CTA-0860,CLI-0860,PF-03,EST-01,8230000,0,Riesgo Bajo
CTA-0861,CLI-0861,PF-01,EST-02,19800000,0,Riesgo Medio
CTA-0862,CLI-0862,PF-05,EST-01,13210000,45,Riesgo Medio
CTA-0863,CLI-0863,PF-05,EST-01,9500000,0,Riesgo Bajo
CTA-0864,CLI-0864,PF-05,EST-02,11180000,30,Riesgo Medio
CTA-0865,CLI-0865,PF-03,EST-02,6380000,15,Riesgo Medio
CTA-0866,CLI-0866,PF-05,EST-03,7750000,30,Riesgo Bajo
CTA-0867,CLI-0867,PF-02,EST-01,2940000,90,Riesgo Alto
CTA-0868,CLI-0868,PF-05,EST-01,3140000,0,Riesgo Bajo
CTA-0869,CLI-0869,PF-01,EST-01,2020000,30,Riesgo Bajo
CTA-0870,CLI-0870,PF-05,EST-03,6200000,30,Riesgo Bajo
CTA-0871,CLI-0871,PF-03,EST-01,8380000,90,Riesgo Alto
CTA-0872,CLI-0872,PF-04,EST-02,21890000,120,Riesgo Medio
CTA-0873,CLI-0873,PF-01,EST-01,17390000,45,Riesgo Medio
CTA-0874,CLI-0874,PF-01,EST-01,4570000,90,Riesgo Alto
CTA-0875,CLI-0875,PF-04,EST-01,15320000,45,Riesgo Medio
CTA-0876,CLI-0876,PF-05,EST-01,610000,60,Riesgo Medio
CTA-0877,CLI-0877,PF-04,EST-02,11920000,0,Riesgo Medio
CTA-0878,CLI-0878,PF-04,EST-01,10870000,15,Riesgo Bajo
CTA-0879,CLI-0879,PF-01,EST-03,2040000,30,Riesgo Bajo
CTA-0880,CLI-0880,PF-02,EST-02,7700000,0,Riesgo Medio
CTA-0881,CLI-0881,PF-01,EST-02,9250000,45,Riesgo Medio
CTA-0882,CLI-0882,PF-03,EST-03,18430000,60,Riesgo Medio
CTA-0883,CLI-0883,PF-04,EST-03,6310000,60,Riesgo Medio
CTA-0884,CLI-0884,PF-05,EST-01,15740000,45,Riesgo Medio
CTA-0885,CLI-0885,PF-01,EST-03,18650000,15,Riesgo Bajo
CTA-0886,CLI-0886,PF-01,EST-02,8840000,15,Riesgo Medio
CTA-0887,CLI-0887,PF-01,EST-02,13610000,45,Riesgo Medio
CTA-0888,CLI-0888,PF-05,EST-01,11280000,30,Riesgo Bajo
CTA-0889,CLI-0889,PF-05,EST-01,18960000,120,Riesgo Alto
CTA-0890,CLI-0890,PF-05,EST-01,7860000,0,Riesgo Bajo
CTA-0891,CLI-0891,PF-05,EST-03,9670000,120,Riesgo Medio
CTA-0892,CLI-0892,PF-03,EST-01,20030000,30,Riesgo Bajo
CTA-0893,CLI-0893,PF-03,EST-02,1240000,0,Riesgo Medio
CTA-0894,CLI-0894,PF-04,EST-03,15250000,15,Riesgo Bajo
CTA-0895,CLI-0895,PF-02,EST-03,14300000,0,Riesgo Bajo
CTA-0896,CLI-0896,PF-04,EST-01,3070000,30,Riesgo Bajo
CTA-0897,CLI-0897,PF-03,EST-03,16250000,15,Riesgo Bajo
CTA-0898,CLI-0898,PF-05,EST-02,19920000,45,Riesgo Medio
CTA-0899,CLI-0899,PF-02,EST-02,1580000,0,Riesgo Medio
CTA-0900,CLI-0900,PF-03,EST-01,16480000,0,Riesgo Bajo
CTA-0901,CLI-0901,PF-05,EST-02,13700000,90,Riesgo Medio
CTA-0902,CLI-0902,PF-01,EST-02,4790000,15,Riesgo Medio
CTA-0903,CLI-0903,PF-03,EST-01,12070000,45,Riesgo Medio
CTA-0904,CLI-0904,PF-03,EST-03,7390000,0,Riesgo Bajo
CTA-0905,CLI-0905,PF-04,EST-03,7200000,0,Riesgo Bajo
CTA-0906,CLI-0906,PF-01,EST-03,18930000,0,Riesgo Bajo
CTA-0907,CLI-0907,PF-05,EST-01,21420000,15,Riesgo Bajo
CTA-0908,CLI-0908,PF-01,EST-02,20880000,60,Riesgo Medio
CTA-0909,CLI-0909,PF-04,EST-01,16800000,30,Riesgo Bajo
CTA-0910,CLI-0910,PF-05,EST-02,15190000,60,Riesgo Medio
CTA-0911,CLI-0911,PF-05,EST-01,2310000,0,Riesgo Bajo
CTA-0912,CLI-0912,PF-03,EST-02,11190000,0,Riesgo Medio
CTA-0913,CLI-0913,PF-03,EST-02,16390000,15,Riesgo Medio
CTA-0914,CLI-0914,PF-03,EST-02,7940000,60,Riesgo Medio
CTA-0915,CLI-0915,PF-03,EST-02,18180000,15,Riesgo Medio
CTA-0916,CLI-0916,PF-05,EST-01,9780000,90,Riesgo Alto
CTA-0917,CLI-0917,PF-05,EST-02,9230000,30,Riesgo Medio
CTA-0918,CLI-0918,PF-05,EST-01,14100000,60,Riesgo Medio
CTA-0919,CLI-0919,PF-05,EST-03,21950000,0,Riesgo Bajo
CTA-0920,CLI-0920,PF-05,EST-02,12910000,120,Riesgo Medio
CTA-0921,CLI-0921,PF-03,EST-02,3880000,30,Riesgo Medio
CTA-0922,CLI-0922,PF-05,EST-02,11520000,45,Riesgo Medio
CTA-0923,CLI-0923,PF-05,EST-01,9610000,15,Riesgo Bajo
CTA-0924,CLI-0924,PF-01,EST-01,8820000,0,Riesgo Bajo
CTA-0925,CLI-0925,PF-04,EST-02,20430000,45,Riesgo Medio
CTA-0926,CLI-0926,PF-05,EST-03,5200000,0,Riesgo Bajo
CTA-0927,CLI-0927,PF-05,EST-03,16700000,0,Riesgo Bajo
CTA-0928,CLI-0928,PF-03,EST-02,1050000,0,Riesgo Medio
CTA-0929,CLI-0929,PF-05,EST-02,6410000,15,Riesgo Medio
CTA-0930,CLI-0930,PF-03,EST-02,22000000,0,Riesgo Medio
CTA-0931,CLI-0931,PF-05,EST-01,770000,60,Riesgo Medio
CTA-0932,CLI-0932,PF-04,EST-03,7630000,30,Riesgo Bajo
CTA-0933,CLI-0933,PF-01,EST-01,15810000,0,Riesgo Bajo
CTA-0934,CLI-0934,PF-03,EST-01,14610000,60,Riesgo Medio
CTA-0935,CLI-0935,PF-03,EST-02,8850000,60,Riesgo Medio
CTA-0936,CLI-0936,PF-05,EST-02,12340000,60,Riesgo Medio
CTA-0937,CLI-0937,PF-03,EST-02,3140000,120,Riesgo Medio
CTA-0938,CLI-0938,PF-03,EST-03,3410000,60,Riesgo Medio
CTA-0939,CLI-0939,PF-01,EST-03,2360000,0,Riesgo Bajo
CTA-0940,CLI-0940,PF-03,EST-01,6200000,60,Riesgo Medio
CTA-0941,CLI-0941,PF-05,EST-01,19490000,120,Riesgo Alto
CTA-0942,CLI-0942,PF-05,EST-01,820000,90,Riesgo Alto
CTA-0943,CLI-0943,PF-03,EST-02,10890000,90,Riesgo Medio
CTA-0944,CLI-0944,PF-04,EST-01,14960000,90,Riesgo Alto
CTA-0945,CLI-0945,PF-05,EST-01,19010000,0,Riesgo Bajo
CTA-0946,CLI-0946,PF-05,EST-02,20520000,0,Riesgo Medio
CTA-0947,CLI-0947,PF-03,EST-01,550000,15,Riesgo Bajo
CTA-0948,CLI-0948,PF-04,EST-02,9980000,90,Riesgo Medio
CTA-0949,CLI-0949,PF-05,EST-02,20690000,60,Riesgo Medio
CTA-0950,CLI-0950,PF-04,EST-01,5480000,60,Riesgo Medio
CTA-0951,CLI-0951,PF-05,EST-02,18740000,45,Riesgo Medio
CTA-0952,CLI-0952,PF-05,EST-03,9820000,45,Riesgo Medio
CTA-0953,CLI-0953,PF-05,EST-03,8900000,15,Riesgo Bajo
CTA-0954,CLI-0954,PF-05,EST-01,8830000,0,Riesgo Bajo
CTA-0955,CLI-0955,PF-04,EST-02,13000000,15,Riesgo Medio
CTA-0956,CLI-0956,PF-03,EST-02,19150000,120,Riesgo Medio
CTA-0957,CLI-0957,PF-04,EST-03,21160000,0,Riesgo Bajo
CTA-0958,CLI-0958,,EST-01,11440000,45,Riesgo Medio
CTA-0959,CLI-0959,,EST-01,16770000,60,Riesgo Medio
CTA-0960,CLI-0960,,EST-02,21940000,0,Riesgo Medio
CTA-0961,CLI-0961,,EST-02,14340000,0,Riesgo Medio
CTA-0962,CLI-0962,,EST-03,3640000,120,Riesgo Medio
CTA-0963,CLI-0963,,EST-01,14480000,0,Riesgo Bajo
CTA-0964,CLI-0964,,EST-01,8240000,120,Riesgo Alto
CTA-0965,CLI-0965,,EST-01,18990000,0,Riesgo Bajo
CTA-0966,CLI-0966,,EST-01,7410000,60,Riesgo Medio
CTA-0967,CLI-0967,,EST-02,16460000,90,Riesgo Medio
CTA-0968,CLI-0968,,EST-02,1810000,60,Riesgo Medio
CTA-0969,CLI-0969,,EST-03,16130000,45,Riesgo Medio
CTA-0970,CLI-0970,,EST-01,11230000,120,Riesgo Alto
CTA-0971,CLI-0971,,EST-02,3080000,0,Riesgo Medio
CTA-0972,CLI-0972,,EST-03,8620000,60,Riesgo Medio
CTA-0973,CLI-0973,,EST-01,20590000,0,Riesgo Bajo
CTA-0974,CLI-0974,,EST-01,20730000,45,Riesgo Medio
CTA-0975,CLI-0975,,EST-02,11700000,0,Riesgo Medio
CTA-0976,CLI-0976,,EST-01,21640000,90,Riesgo Alto
CTA-0977,CLI-0977,,EST-02,11770000,0,Riesgo Medio
CTA-0978,CLI-0978,,EST-02,20120000,15,Riesgo Medio
CTA-0979,CLI-0979,,EST-02,12810000,0,Riesgo Medio
CTA-0980,CLI-0980,,EST-01,18950000,45,Riesgo Medio
CTA-0981,CLI-0981,,EST-02,12660000,60,Riesgo Medio
CTA-0982,CLI-0982,,EST-01,4330000,45,Riesgo Medio
CTA-0983,CLI-0983,,EST-03,14000000,0,Riesgo Bajo
CTA-0984,CLI-0984,,EST-03,12670000,0,Riesgo Bajo
CTA-0985,CLI-0985,,EST-02,20880000,30,Riesgo Medio
CTA-0986,CLI-0986,,EST-02,9600000,0,Riesgo Medio
CTA-0987,CLI-0987,,EST-03,17640000,0,Riesgo Bajo
CTA-0988,CLI-0988,,EST-03,9330000,120,Riesgo Medio
CTA-0989,CLI-0989,,EST-01,1990000,15,Riesgo Bajo
CTA-0990,CLI-0990,,EST-01,12670000,0,Riesgo Bajo
CTA-0991,CLI-0991,,EST-02,3090000,30,Riesgo Medio
CTA-0992,CLI-0992,,EST-02,12800000,30,Riesgo Medio
CTA-0993,CLI-0993,,EST-02,1280000,45,Riesgo Medio
CTA-0994,CLI-0994,,EST-01,5740000,0,Riesgo Bajo
CTA-0995,CLI-0995,,EST-01,17610000,90,Riesgo Alto
CTA-0996,CLI-0996,,EST-01,6430000,0,Riesgo Bajo
CTA-0997,CLI-0997,,EST-01,19660000,120,Riesgo Alto
CTA-0998,CLI-0998,,EST-01,4930000,120,Riesgo Alto
CTA-0999,CLI-0999,,EST-01,10250000,60,Riesgo Medio
CTA-1000,CLI-1000,,EST-01,8660000,0,Riesgo Bajo
