id_cliente,rut,rut_dv_valido,nombre,id_segmento,id_comuna
CLI-001,18.768.710-6,False,Catalina López Espinoza,SEG-02,COM-08
CLI-002,22.115.701-8,False,Claudio Silva Muñoz,SEG-02,COM-13
CLI-003,13.069.307-8,False,Valentina Valenzuela Morales,SEG-04,COM-02
CLI-004,20.062.876-7,False,Rodrigo Espinoza Soto,SEG-02,COM-08
CLI-005,18.001.798-K,False,Camila López Muñoz,SEG-03,COM-13
CLI-006,13.692.229-3,False,Hernán Díaz Valenzuela,SEG-02,COM-11
CLI-007,11.234.208-0,False,Carolina Valenzuela López,SEG-03,COM-13
CLI-008,17.229.320-4,True,Matías Morales Sepúlveda,SEG-01,COM-02
CLI-009,20.777.271-5,False,Andrea Muñoz Contreras,SEG-01,COM-14
CLI-010,16.604.616-4,False,Felipe Pérez Espinoza,SEG-04,COM-01
CLI-011,14.834.321-1,False,Paula Espinoza Silva,SEG-04,COM-13
CLI-012,21.199.672-1,False,Felipe Valenzuela Silva,SEG-01,COM-05
CLI-013,12.717.228-6,False,Valentina Fuentes Tapia,SEG-04,COM-05
CLI-014,18.950.990-3,False,Esteban Valenzuela Rojas,SEG-04,COM-11
CLI-015,20.716.099-1,False,Sofia López Tapia,SEG-03,COM-01
CLI-016,17.207.585-8,False,Ignacio Pérez Morales,SEG-01,COM-01
CLI-017,22.019.564-0,False,Catalina Rodríguez Morales,SEG-04,COM-14
CLI-018,11.593.542-K,False,Esteban González Pérez,SEG-01,COM-02
CLI-019,17.602.585-8,False,Andrea Soto Valenzuela,SEG-01,COM-15
CLI-020,16.422.594-5,False,Javier Contreras Sepúlveda,SEG-01,COM-08
CLI-021,12.134.031-5,False,Camila Díaz Díaz,SEG-04,COM-01
CLI-022,15.821.138-1,False,Tomas González Rojas,SEG-02,COM-04
CLI-023,15.415.608-3,False,Andrea Fuentes Silva,SEG-03,COM-10
CLI-024,14.443.020-6,False,Cristián Tapia Rodríguez,SEG-03,COM-04
CLI-025,18.976.533-7,False,Loreto Espinoza Vergara,SEG-01,COM-05
CLI-026,22.267.456-4,False,Rodrigo Fuentes Valenzuela,SEG-02,COM-15
CLI-027,22.051.986-8,False,Catalina Rodríguez Silva,SEG-02,COM-04
CLI-028,19.679.909-5,True,Mauricio Morales Sepúlveda,SEG-02,COM-06
CLI-029,18.227.719-6,False,Daniela Díaz Vergara,SEG-04,COM-01
CLI-030,13.537.379-3,False,Gonzalo Araya Sepúlveda,SEG-02,COM-06
CLI-031,12.315.081-K,False,Francisca Rodríguez Soto,SEG-01,COM-02
CLI-032,21.898.522-4,False,Tomas Pérez López,SEG-04,COM-13
CLI-033,18.633.459-7,False,Loreto Rodríguez Soto,SEG-02,COM-12
CLI-034,12.270.906-5,False,Sebastián Valenzuela Rodríguez,SEG-01,COM-05
CLI-035,19.347.015-2,False,Macarena Sepúlveda Rojas,SEG-03,COM-11
CLI-036,13.426.529-4,False,Diego Valenzuela Rodríguez,SEG-04,COM-15
CLI-037,13.019.071-9,False,Daniela Muñoz Vergara,SEG-04,COM-10
CLI-038,22.494.028-K,False,Claudio Rodríguez Vergara,SEG-04,COM-04
CLI-039,14.446.495-0,False,Valentina Fuentes Díaz,SEG-04,COM-12
CLI-040,12.712.921-1,False,Claudio González Rojas,SEG-01,COM-11
CLI-041,21.898.169-5,False,Beatriz Contreras Contreras,SEG-03,COM-01
CLI-042,11.435.581-8,False,Tomas Soto Fuentes,SEG-04,COM-01
CLI-043,20.155.011-0,False,Paula Vergara Fuentes,SEG-01,COM-04
CLI-044,18.143.110-8,False,Felipe Fuentes Fuentes,SEG-03,COM-12
CLI-045,21.835.466-K,False,Andrea Fuentes Sepúlveda,SEG-01,COM-01
CLI-046,19.115.096-5,False,Ignacio Rodríguez Contreras,SEG-03,COM-07
CLI-047,16.624.859-K,False,Loreto Soto Rodríguez,SEG-04,COM-10
CLI-048,22.137.696-8,False,Esteban Rodríguez Pérez,SEG-04,COM-04
CLI-049,11.032.719-6,True,Javiera Araya Tapia,SEG-03,COM-07
CLI-050,22.324.972-4,False,Mauricio Rodríguez Muñoz,SEG-02,COM-12
CLI-051,19.570.350-9,False,Loreto Silva Pérez,SEG-03,COM-02
CLI-052,11.603.747-1,False,Mauricio Vergara López,SEG-01,COM-02
CLI-053,16.319.687-3,False,Camila Fuentes Rodríguez,SEG-01,COM-02
CLI-054,12.477.709-5,False,Sebastián Vergara Muñoz,SEG-02,COM-05
CLI-055,12.012.506-5,False,Constanza Araya Rojas,SEG-01,COM-02
CLI-056,18.908.808-8,False,Hernán Silva González,SEG-01,COM-12
CLI-057,18.122.286-1,False,Paula Tapia Morales,SEG-02,COM-10
CLI-058,17.397.080-1,False,Javier Sepúlveda Silva,SEG-01,COM-07
CLI-059,12.638.966-K,False,Carolina Díaz Rojas,SEG-04,COM-04
CLI-060,12.987.729-4,True,Rodrigo Rodríguez Valenzuela,SEG-04,COM-12
CLI-061,16.896.834-9,False,Francisca Vergara Contreras,SEG-04,COM-13
CLI-062,11.263.985-K,False,Felipe Díaz Espinoza,SEG-02,COM-04
CLI-063,15.500.830-8,False,Francisca Araya Araya,SEG-04,COM-15
CLI-064,15.433.099-K,False,Felipe Araya Silva,SEG-03,COM-04
CLI-065,18.077.052-K,False,Paula Fuentes Fuentes,SEG-04,COM-04
CLI-066,11.875.267-5,False,Ignacio Fuentes Vergara,SEG-04,COM-12
CLI-067,12.465.092-2,False,Beatriz Díaz Morales,SEG-01,COM-10
CLI-068,14.245.954-1,False,Sebastián Vergara Muñoz,SEG-03,COM-11
CLI-069,16.656.991-8,False,Andrea Soto Sepúlveda,SEG-01,COM-02
CLI-070,21.246.850-4,False,Matías Espinoza Fuentes,SEG-02,COM-12
CLI-071,16.921.669-4,False,Catalina Rodríguez Silva,SEG-01,COM-08
CLI-072,13.727.376-0,False,Felipe Sepúlveda Rodríguez,SEG-03,COM-14
CLI-073,20.658.979-9,False,Constanza Contreras Muñoz,SEG-01,COM-01
CLI-074,22.335.636-6,False,Rodrigo Vergara Pérez,SEG-01,COM-12
CLI-075,20.639.344-2,False,Paula Valenzuela Soto,SEG-02,COM-10
CLI-076,21.556.461-1,False,Hernán Araya Valenzuela,SEG-03,COM-12
CLI-077,11.262.209-9,False,Daniela Soto Díaz,SEG-04,COM-15
CLI-078,17.977.549-1,False,Esteban Contreras Espinoza,SEG-04,COM-01
CLI-079,17.073.786-K,False,Paula Morales Valenzuela,SEG-04,COM-07
CLI-080,20.332.192-4,False,Mauricio Araya López,SEG-03,COM-14
CLI-081,15.390.407-3,True,Daniela Morales Espinoza,SEG-02,COM-15
CLI-082,21.737.982-9,False,Cristián Fuentes Muñoz,SEG-02,COM-06
CLI-083,21.551.807-6,False,Catalina Rojas Contreras,SEG-03,COM-15
CLI-084,17.344.146-4,False,Hernán Pérez Pérez,SEG-04,COM-07
CLI-085,17.386.581-0,False,Javiera González Tapia,SEG-02,COM-12
CLI-086,12.734.181-1,False,Esteban Espinoza Soto,SEG-01,COM-08
CLI-087,16.551.682-K,False,Camila Morales Sepúlveda,SEG-03,COM-15
CLI-088,15.723.364-4,False,Sebastián Morales Contreras,SEG-02,COM-15
CLI-089,20.569.624-6,False,Daniela Muñoz Valenzuela,SEG-03,COM-13
CLI-090,16.313.485-0,False,Rodrigo González Soto,SEG-02,COM-07
CLI-091,14.219.540-7,False,Fernanda Fuentes Araya,SEG-04,COM-10
CLI-092,15.970.714-7,False,Esteban Fuentes Soto,SEG-02,COM-08
CLI-093,12.933.786-K,False,Sofia Sepúlveda Pérez,SEG-02,COM-10
CLI-094,17.966.725-5,False,Mauricio Rodríguez López,SEG-01,COM-01
CLI-095,14.888.829-7,False,Javiera Tapia Tapia,SEG-04,COM-02
CLI-096,17.219.043-9,False,Diego Contreras Contreras,SEG-04,COM-08
CLI-097,12.968.007-6,False,Camila Contreras Valenzuela,SEG-03,COM-05
CLI-098,11.739.071-3,True,Diego Soto Morales,SEG-04,COM-02
CLI-099,11.256.981-1,False,Francisca Soto Valenzuela,SEG-01,COM-11
CLI-100,19.042.900-K,False,Esteban Araya Valenzuela,SEG-04,COM-04
