id_transaccion,fecha_venta,id_cliente,id_producto,id_sucursal,cantidad,precio_unitario_clp,monto_total_clp
TRX-2210,2026-01-01,CLI-097,PROD-123,SUC-13,5,3100000,15500000
TRX-2109,2026-01-02,CLI-050,PROD-110,SUC-05,3,4200000,12600000
TRX-2131,2026-01-02,CLI-006,PROD-123,SUC-10,10,3100000,31000000
TRX-2173,2026-01-02,CLI-006,PROD-118,SUC-10,10,1150000,11500000
TRX-2052,2026-01-03,CLI-077,PROD-125,SUC-03,1,1250000,1250000
TRX-2229,2026-01-04,CLI-056,PROD-103,SUC-09,1,1450000,1450000
TRX-2076,2026-01-05,CLI-078,PROD-119,SUC-03,10,2200000,22000000
TRX-2177,2026-01-05,CLI-056,PROD-125,SUC-03,1,1250000,1250000
TRX-2257,2026-01-05,CLI-068,PROD-107,SUC-06,1,490000,490000
TRX-2126,2026-01-06,CLI-048,PROD-117,SUC-07,1,185000,185000
TRX-2158,2026-01-06,CLI-027,PROD-119,SUC-02,3,2200000,6600000
TRX-2248,2026-01-06,CLI-038,PROD-118,SUC-03,10,1150000,11500000
TRX-2079,2026-01-07,CLI-027,PROD-107,SUC-01,2,490000,980000
TRX-2102,2026-01-07,CLI-085,PROD-114,SUC-09,2,1650000,3300000
TRX-2167,2026-01-07,CLI-012,PROD-103,SUC-07,5,1450000,7250000
TRX-2127,2026-01-08,CLI-021,PROD-111,SUC-01,3,5900000,17700000
TRX-2128,2026-01-08,CLI-051,PROD-123,SUC-09,3,3100000,9300000
TRX-2261,2026-01-09,CLI-046,PROD-106,SUC-11,1,1450000,1450000
TRX-2180,2026-01-10,CLI-032,PROD-114,SUC-14,5,1650000,8250000
TRX-2246,2026-01-11,CLI-021,PROD-121,SUC-06,1,540000,540000
TRX-2124,2026-01-12,CLI-018,PROD-104,SUC-13,1,2800000,2800000
TRX-2193,2026-01-12,CLI-027,PROD-125,SUC-08,2,1250000,2500000
TRX-2291,2026-01-12,CLI-026,PROD-124,SUC-07,1,320000,320000
TRX-2094,2026-01-13,CLI-067,PROD-107,SUC-10,5,490000,2450000
TRX-2115,2026-01-13,CLI-036,PROD-125,SUC-08,1,1250000,1250000
TRX-2138,2026-01-13,CLI-044,PROD-104,SUC-08,10,2800000,28000000
TRX-2170,2026-01-13,CLI-091,PROD-107,SUC-09,1,490000,490000
TRX-2294,2026-01-13,CLI-034,PROD-113,SUC-06,10,1200000,12000000
TRX-2070,2026-01-14,CLI-058,PROD-108,SUC-15,1,980000,980000
TRX-2111,2026-01-14,CLI-043,PROD-101,SUC-06,3,950000,2850000
TRX-2046,2026-01-15,CLI-028,PROD-106,SUC-14,3,1450000,4350000
TRX-2202,2026-01-15,CLI-036,PROD-113,SUC-09,2,1200000,2400000
TRX-2214,2026-01-15,CLI-048,PROD-123,SUC-06,10,3100000,31000000
TRX-2222,2026-01-15,CLI-061,PROD-103,SUC-12,3,1450000,4350000
TRX-2097,2026-01-16,CLI-004,PROD-104,SUC-11,2,2800000,5600000
TRX-2014,2026-01-17,CLI-050,PROD-103,SUC-05,2,1450000,2900000
TRX-2195,2026-01-17,CLI-053,PROD-118,SUC-08,5,1150000,5750000
TRX-2116,2026-01-18,CLI-045,PROD-110,SUC-09,1,4200000,4200000
TRX-2144,2026-01-18,CLI-001,PROD-104,SUC-10,3,2800000,8400000
TRX-2064,2026-01-19,CLI-026,PROD-102,SUC-07,1,1350000,1350000
TRX-2234,2026-01-20,CLI-021,PROD-102,SUC-13,1,1350000,1350000
TRX-2223,2026-01-22,CLI-089,PROD-123,SUC-10,10,3100000,31000000
TRX-2272,2026-01-22,CLI-094,PROD-111,SUC-10,5,5900000,29500000
TRX-2295,2026-01-22,CLI-056,PROD-102,SUC-06,1,1350000,1350000
TRX-2008,2026-01-23,CLI-083,PROD-117,SUC-11,1,185000,185000
TRX-2123,2026-01-23,CLI-026,PROD-109,SUC-02,3,620000,1860000
TRX-2275,2026-01-23,CLI-047,PROD-121,SUC-01,5,540000,2700000
TRX-2189,2026-01-24,CLI-096,PROD-117,SUC-10,3,185000,555000
TRX-2238,2026-01-24,CLI-078,PROD-124,SUC-09,5,320000,1600000
TRX-2292,2026-01-24,CLI-016,PROD-101,SUC-15,1,950000,950000
TRX-2132,2026-01-25,CLI-032,PROD-101,SUC-06,5,950000,4750000
TRX-2010,2026-01-26,CLI-029,PROD-116,SUC-06,2,1450000,2900000
TRX-2279,2026-01-26,CLI-092,PROD-124,SUC-07,1,320000,320000
TRX-2181,2026-01-27,CLI-025,PROD-102,SUC-08,3,1350000,4050000
TRX-2196,2026-01-27,CLI-001,PROD-105,SUC-06,5,1100000,5500000
TRX-2227,2026-01-27,CLI-039,PROD-122,SUC-10,1,350000,350000
TRX-2283,2026-01-27,CLI-078,PROD-107,SUC-05,3,490000,1470000
TRX-2006,2026-01-28,CLI-064,PROD-111,SUC-01,1,5900000,5900000
TRX-2157,2026-01-28,CLI-069,PROD-107,SUC-01,10,490000,4900000
TRX-2152,2026-02-01,CLI-046,PROD-103,SUC-07,5,1450000,7250000
TRX-2036,2026-02-02,CLI-025,PROD-104,SUC-11,10,2800000,28000000
TRX-2101,2026-02-03,CLI-020,PROD-109,SUC-06,2,620000,1240000
TRX-2137,2026-02-04,CLI-072,PROD-104,SUC-04,1,2800000,2800000
TRX-2020,2026-02-05,CLI-089,PROD-114,SUC-14,1,1650000,1650000
TRX-2151,2026-02-05,CLI-039,PROD-109,SUC-15,5,620000,3100000
TRX-2299,2026-02-05,CLI-062,PROD-118,SUC-04,5,1150000,5750000
TRX-2300,2026-02-06,CLI-060,PROD-120,SUC-06,2,890000,1780000
TRX-2015,2026-02-09,CLI-020,PROD-121,SUC-11,10,540000,5400000
TRX-2004,2026-02-11,CLI-082,PROD-120,SUC-12,1,890000,890000
TRX-2121,2026-02-11,CLI-092,PROD-122,SUC-07,5,350000,1750000
TRX-2120,2026-02-13,CLI-045,PROD-117,SUC-10,1,185000,185000
TRX-2254,2026-02-13,CLI-090,PROD-118,SUC-08,1,1150000,1150000
TRX-2293,2026-02-13,CLI-046,PROD-105,SUC-10,2,1100000,2200000
TRX-2233,2026-02-14,CLI-049,PROD-122,SUC-15,1,350000,350000
TRX-2029,2026-02-17,CLI-078,PROD-115,SUC-13,1,2100000,2100000
TRX-2201,2026-02-17,CLI-060,PROD-111,SUC-09,10,5900000,59000000
TRX-2058,2026-02-18,CLI-043,PROD-122,SUC-15,1,350000,350000
TRX-2105,2026-02-18,CLI-051,PROD-123,SUC-09,1,3100000,3100000
TRX-2280,2026-02-18,CLI-079,PROD-107,SUC-02,2,490000,980000
TRX-2179,2026-02-19,CLI-099,PROD-108,SUC-08,1,980000,980000
TRX-2237,2026-02-19,CLI-027,PROD-111,SUC-11,5,5900000,29500000
TRX-2241,2026-02-19,CLI-063,PROD-104,SUC-07,2,2800000,5600000
TRX-2024,2026-02-20,CLI-091,PROD-109,SUC-15,1,620000,620000
TRX-2042,2026-02-20,CLI-065,PROD-120,SUC-06,5,890000,4450000
TRX-2054,2026-02-21,CLI-017,PROD-121,SUC-11,1,540000,540000
TRX-2067,2026-02-21,CLI-100,PROD-101,SUC-14,5,950000,4750000
TRX-2199,2026-02-23,CLI-084,PROD-121,SUC-08,5,540000,2700000
TRX-2041,2026-02-24,CLI-070,PROD-110,SUC-11,10,4200000,42000000
TRX-2057,2026-02-24,CLI-034,PROD-109,SUC-12,3,620000,1860000
TRX-2169,2026-02-24,CLI-093,PROD-104,SUC-09,5,2800000,14000000
TRX-2260,2026-02-24,CLI-004,PROD-114,SUC-04,5,1650000,8250000
TRX-2259,2026-02-25,CLI-076,PROD-105,SUC-06,1,1100000,1100000
TRX-2281,2026-02-25,CLI-017,PROD-119,SUC-13,2,2200000,4400000
TRX-2007,2026-02-26,CLI-079,PROD-103,SUC-13,1,1450000,1450000
TRX-2062,2026-02-28,CLI-015,PROD-111,SUC-08,2,5900000,11800000
TRX-2113,2026-02-28,CLI-020,PROD-124,SUC-07,5,320000,1600000
TRX-2276,2026-02-28,CLI-076,PROD-121,SUC-10,5,540000,2700000
TRX-2165,2026-03-01,CLI-009,PROD-114,SUC-09,5,1650000,8250000
TRX-2178,2026-03-01,CLI-092,PROD-116,SUC-04,1,1450000,1450000
TRX-2045,2026-03-02,CLI-071,PROD-119,SUC-14,3,2200000,6600000
TRX-2198,2026-03-02,CLI-029,PROD-103,SUC-01,1,1450000,1450000
TRX-2155,2026-03-03,CLI-046,PROD-119,SUC-01,5,2200000,11000000
TRX-2171,2026-03-04,CLI-005,PROD-102,SUC-04,10,1350000,13500000
TRX-2245,2026-03-06,CLI-067,PROD-105,SUC-14,1,1100000,1100000
TRX-2033,2026-03-07,CLI-061,PROD-114,SUC-06,5,1650000,8250000
TRX-2166,2026-03-09,CLI-011,PROD-110,SUC-03,1,4200000,4200000
TRX-2207,2026-03-09,CLI-047,PROD-114,SUC-08,1,1650000,1650000
TRX-2290,2026-03-09,CLI-061,PROD-116,SUC-02,1,1450000,1450000
TRX-2239,2026-03-10,CLI-043,PROD-101,SUC-10,10,950000,9500000
TRX-2265,2026-03-10,CLI-061,PROD-123,SUC-05,3,3100000,9300000
TRX-2217,2026-03-14,CLI-040,PROD-109,SUC-08,10,620000,6200000
TRX-2203,2026-03-15,CLI-003,PROD-123,SUC-12,10,3100000,31000000
TRX-2273,2026-03-15,CLI-056,PROD-106,SUC-06,1,1450000,1450000
TRX-2059,2026-03-16,CLI-041,PROD-107,SUC-06,10,490000,4900000
TRX-2009,2026-03-19,CLI-066,PROD-110,SUC-09,1,4200000,4200000
TRX-2212,2026-03-19,CLI-027,PROD-119,SUC-15,10,2200000,22000000
TRX-2003,2026-03-20,CLI-078,PROD-122,SUC-14,1,350000,350000
TRX-2255,2026-03-20,CLI-037,PROD-110,SUC-12,2,4200000,8400000
TRX-2021,2026-03-21,CLI-034,PROD-116,SUC-08,3,1450000,4350000
TRX-2051,2026-03-21,CLI-057,PROD-121,SUC-09,10,540000,5400000
TRX-2200,2026-03-21,CLI-099,PROD-123,SUC-11,3,3100000,9300000
TRX-2274,2026-03-21,CLI-006,PROD-115,SUC-04,5,2100000,10500000
TRX-2055,2026-03-22,CLI-060,PROD-115,SUC-14,2,2100000,4200000
TRX-2119,2026-03-22,CLI-029,PROD-109,SUC-13,3,620000,1860000
TRX-2011,2026-03-23,CLI-079,PROD-119,SUC-12,5,2200000,11000000
TRX-2013,2026-03-23,CLI-011,PROD-112,SUC-03,2,85000,170000
TRX-2005,2026-03-24,CLI-011,PROD-123,SUC-12,5,3100000,15500000
TRX-2206,2026-03-25,CLI-050,PROD-110,SUC-13,10,4200000,42000000
TRX-2078,2026-03-26,CLI-009,PROD-101,SUC-08,5,950000,4750000
TRX-2122,2026-03-26,CLI-066,PROD-103,SUC-11,1,1450000,1450000
TRX-2184,2026-03-26,CLI-030,PROD-111,SUC-14,2,5900000,11800000
TRX-2285,2026-03-27,CLI-048,PROD-107,SUC-10,3,490000,1470000
TRX-2066,2026-03-28,CLI-044,PROD-108,SUC-14,1,980000,980000
TRX-2221,2026-03-28,CLI-039,PROD-116,SUC-10,1,1450000,1450000
TRX-2247,2026-03-28,CLI-011,PROD-110,SUC-01,5,4200000,21000000
TRX-2277,2026-03-28,CLI-044,PROD-118,SUC-02,3,1150000,3450000
TRX-2298,2026-03-28,CLI-081,PROD-101,SUC-10,10,950000,9500000
TRX-2174,2026-04-02,CLI-004,PROD-124,SUC-08,5,320000,1600000
TRX-2194,2026-04-02,CLI-007,PROD-108,SUC-11,1,980000,980000
TRX-2232,2026-04-02,CLI-073,PROD-125,SUC-08,2,1250000,2500000
TRX-2135,2026-04-03,CLI-097,PROD-122,SUC-09,1,350000,350000
TRX-2081,2026-04-04,CLI-033,PROD-103,SUC-03,5,1450000,7250000
TRX-2231,2026-04-04,CLI-073,PROD-119,SUC-07,1,2200000,2200000
TRX-2269,2026-04-05,CLI-010,PROD-115,SUC-12,3,2100000,6300000
TRX-2085,2026-04-07,CLI-059,PROD-109,SUC-04,10,620000,6200000
TRX-2106,2026-04-08,CLI-037,PROD-119,SUC-12,1,2200000,2200000
TRX-2142,2026-04-08,CLI-069,PROD-104,SUC-15,1,2800000,2800000
TRX-2251,2026-04-08,CLI-091,PROD-106,SUC-14,5,1450000,7250000
TRX-2168,2026-04-09,CLI-071,PROD-121,SUC-12,5,540000,2700000
TRX-2266,2026-04-09,CLI-025,PROD-103,SUC-03,1,1450000,1450000
TRX-2016,2026-04-12,CLI-089,PROD-109,SUC-02,1,620000,620000
TRX-2143,2026-04-12,CLI-045,PROD-121,SUC-01,10,540000,5400000
TRX-2149,2026-04-12,CLI-096,PROD-124,SUC-04,5,320000,1600000
TRX-2204,2026-04-12,CLI-039,PROD-111,SUC-06,1,5900000,5900000
TRX-2208,2026-04-12,CLI-034,PROD-124,SUC-08,2,320000,640000
TRX-2030,2026-04-13,CLI-081,PROD-107,SUC-13,1,490000,490000
TRX-2159,2026-04-13,CLI-016,PROD-113,SUC-02,2,1200000,2400000
TRX-2077,2026-04-14,CLI-079,PROD-121,SUC-04,3,540000,1620000
TRX-2271,2026-04-15,CLI-001,PROD-119,SUC-06,3,2200000,6600000
TRX-2215,2026-04-16,CLI-005,PROD-117,SUC-10,10,185000,1850000
TRX-2053,2026-04-17,CLI-063,PROD-115,SUC-09,10,2100000,21000000
TRX-2096,2026-04-17,CLI-087,PROD-125,SUC-10,10,1250000,12500000
TRX-2125,2026-04-17,CLI-090,PROD-103,SUC-02,10,1450000,14500000
TRX-2134,2026-04-17,CLI-020,PROD-104,SUC-06,1,2800000,2800000
TRX-2187,2026-04-17,CLI-078,PROD-106,SUC-06,5,1450000,7250000
TRX-2244,2026-04-17,CLI-100,PROD-124,SUC-04,1,320000,320000
TRX-2284,2026-04-18,CLI-017,PROD-106,SUC-02,3,1450000,4350000
TRX-2236,2026-04-19,CLI-040,PROD-118,SUC-05,1,1150000,1150000
TRX-2211,2026-04-20,CLI-042,PROD-116,SUC-02,3,1450000,4350000
TRX-2240,2026-04-20,CLI-023,PROD-108,SUC-04,1,980000,980000
TRX-2035,2026-04-21,CLI-085,PROD-108,SUC-02,2,980000,1960000
TRX-2185,2026-04-21,CLI-051,PROD-123,SUC-01,5,3100000,15500000
TRX-2186,2026-04-22,CLI-032,PROD-105,SUC-13,5,1100000,5500000
TRX-2224,2026-04-22,CLI-078,PROD-111,SUC-04,1,5900000,5900000
TRX-2043,2026-04-23,CLI-030,PROD-115,SUC-02,3,2100000,6300000
TRX-2099,2026-04-23,CLI-057,PROD-122,SUC-05,1,350000,350000
TRX-2225,2026-04-23,CLI-072,PROD-111,SUC-07,3,5900000,17700000
TRX-2133,2026-04-25,CLI-069,PROD-105,SUC-04,5,1100000,5500000
TRX-2205,2026-04-25,CLI-030,PROD-123,SUC-12,1,3100000,3100000
TRX-2287,2026-04-25,CLI-004,PROD-103,SUC-12,5,1450000,7250000
TRX-2118,2026-04-28,CLI-044,PROD-112,SUC-01,1,85000,85000
TRX-2163,2026-04-28,CLI-064,PROD-114,SUC-14,1,1650000,1650000
TRX-2089,2026-05-01,CLI-047,PROD-103,SUC-03,1,1450000,1450000
TRX-2072,2026-05-03,CLI-001,PROD-115,SUC-10,1,2100000,2100000
TRX-2140,2026-05-03,CLI-081,PROD-121,SUC-10,5,540000,2700000
TRX-2216,2026-05-04,CLI-054,PROD-111,SUC-12,2,5900000,11800000
TRX-2191,2026-05-05,CLI-057,PROD-122,SUC-02,5,350000,1750000
TRX-2219,2026-05-05,CLI-030,PROD-108,SUC-13,3,980000,2940000
TRX-2063,2026-05-06,CLI-091,PROD-108,SUC-10,10,980000,9800000
TRX-2262,2026-05-06,CLI-038,PROD-121,SUC-12,1,540000,540000
TRX-2022,2026-05-08,CLI-035,PROD-104,SUC-11,10,2800000,28000000
TRX-2039,2026-05-08,CLI-035,PROD-106,SUC-01,5,1450000,7250000
TRX-2243,2026-05-08,CLI-002,PROD-122,SUC-14,5,350000,1750000
TRX-2047,2026-05-10,CLI-050,PROD-109,SUC-04,3,620000,1860000
TRX-2183,2026-05-11,CLI-033,PROD-110,SUC-08,1,4200000,4200000
TRX-2148,2026-05-12,CLI-013,PROD-123,SUC-09,3,3100000,9300000
TRX-2176,2026-05-12,CLI-072,PROD-111,SUC-07,2,5900000,11800000
TRX-2110,2026-05-14,CLI-018,PROD-107,SUC-01,10,490000,4900000
TRX-2112,2026-05-14,CLI-040,PROD-124,SUC-08,3,320000,960000
TRX-2297,2026-05-14,CLI-073,PROD-124,SUC-10,1,320000,320000
TRX-2037,2026-05-15,CLI-064,PROD-110,SUC-11,1,4200000,4200000
TRX-2117,2026-05-15,CLI-038,PROD-123,SUC-04,5,3100000,15500000
TRX-2129,2026-05-15,CLI-053,PROD-113,SUC-09,1,1200000,1200000
TRX-2145,2026-05-16,CLI-015,PROD-110,SUC-13,2,4200000,8400000
TRX-2289,2026-05-16,CLI-070,PROD-113,SUC-02,1,1200000,1200000
TRX-2230,2026-05-18,CLI-022,PROD-116,SUC-07,2,1450000,2900000
TRX-2093,2026-05-19,CLI-038,PROD-113,SUC-11,5,1200000,6000000
TRX-2146,2026-05-21,CLI-015,PROD-118,SUC-03,3,1150000,3450000
TRX-2172,2026-05-22,CLI-069,PROD-104,SUC-08,3,2800000,8400000
TRX-2192,2026-05-23,CLI-061,PROD-125,SUC-10,10,1250000,12500000
TRX-2242,2026-05-23,CLI-025,PROD-123,SUC-07,3,3100000,9300000
TRX-2256,2026-05-24,CLI-056,PROD-121,SUC-12,1,540000,540000
TRX-2296,2026-05-24,CLI-053,PROD-124,SUC-08,1,320000,320000
TRX-2061,2026-05-25,CLI-027,PROD-103,SUC-02,5,1450000,7250000
TRX-2278,2026-05-26,CLI-089,PROD-106,SUC-08,10,1450000,14500000
TRX-2086,2026-05-27,CLI-021,PROD-124,SUC-06,2,320000,640000
TRX-2228,2026-05-27,CLI-088,PROD-102,SUC-08,3,1350000,4050000
TRX-2087,2026-05-28,CLI-062,PROD-105,SUC-08,10,1100000,11000000
TRX-2002,2026-06-02,CLI-028,PROD-122,SUC-10,1,350000,350000
TRX-2023,2026-06-02,CLI-100,PROD-113,SUC-15,1,1200000,1200000
TRX-2040,2026-06-02,CLI-017,PROD-117,SUC-12,5,185000,925000
TRX-2032,2026-06-03,CLI-077,PROD-120,SUC-14,1,890000,890000
TRX-2049,2026-06-03,CLI-077,PROD-114,SUC-15,3,1650000,4950000
TRX-2107,2026-06-03,CLI-044,PROD-107,SUC-04,2,490000,980000
TRX-2188,2026-06-03,CLI-028,PROD-119,SUC-03,2,2200000,4400000
TRX-2025,2026-06-04,CLI-042,PROD-119,SUC-10,5,2200000,11000000
TRX-2175,2026-06-05,CLI-019,PROD-101,SUC-04,3,950000,2850000
TRX-2130,2026-06-06,CLI-094,PROD-118,SUC-13,2,1150000,2300000
TRX-2147,2026-06-06,CLI-080,PROD-103,SUC-13,2,1450000,2900000
TRX-2190,2026-06-08,CLI-024,PROD-123,SUC-05,5,3100000,15500000
TRX-2019,2026-06-09,CLI-082,PROD-119,SUC-12,3,2200000,6600000
TRX-2088,2026-06-09,CLI-013,PROD-108,SUC-06,5,980000,4900000
TRX-2065,2026-06-10,CLI-033,PROD-103,SUC-01,2,1450000,2900000
TRX-2095,2026-06-10,CLI-023,PROD-106,SUC-11,5,1450000,7250000
TRX-2160,2026-06-10,CLI-098,PROD-115,SUC-04,3,2100000,6300000
TRX-2164,2026-06-10,CLI-023,PROD-119,SUC-02,5,2200000,11000000
TRX-2288,2026-06-12,CLI-093,PROD-108,SUC-10,1,980000,980000
TRX-2263,2026-06-13,CLI-098,PROD-104,SUC-04,2,2800000,5600000
TRX-2153,2026-06-14,CLI-062,PROD-106,SUC-13,3,1450000,4350000
TRX-2075,2026-06-16,CLI-058,PROD-109,SUC-09,1,620000,620000
TRX-2034,2026-06-19,CLI-068,PROD-111,SUC-15,2,5900000,11800000
TRX-2069,2026-06-19,CLI-021,PROD-106,SUC-01,3,1450000,4350000
TRX-2235,2026-06-19,CLI-038,PROD-119,SUC-12,5,2200000,11000000
TRX-2213,2026-06-20,CLI-092,PROD-123,SUC-12,5,3100000,15500000
TRX-2027,2026-06-21,CLI-010,PROD-110,SUC-03,2,4200000,8400000
TRX-2060,2026-06-21,CLI-038,PROD-121,SUC-05,3,540000,1620000
TRX-2080,2026-06-21,CLI-092,PROD-119,SUC-11,1,2200000,2200000
TRX-2264,2026-06-21,CLI-057,PROD-106,SUC-13,3,1450000,4350000
TRX-2286,2026-06-21,CLI-011,PROD-120,SUC-07,10,890000,8900000
TRX-2044,2026-06-24,CLI-079,PROD-124,SUC-15,1,320000,320000
TRX-2104,2026-06-24,CLI-003,PROD-110,SUC-11,10,4200000,42000000
TRX-2162,2026-06-24,CLI-046,PROD-116,SUC-14,1,1450000,1450000
TRX-2090,2026-06-25,CLI-027,PROD-109,SUC-12,10,620000,6200000
TRX-2056,2026-06-26,CLI-046,PROD-102,SUC-03,1,1350000,1350000
TRX-2091,2026-06-26,CLI-060,PROD-101,SUC-10,1,950000,950000
TRX-2270,2026-06-26,CLI-047,PROD-101,SUC-10,5,950000,4750000
TRX-2018,2026-06-27,CLI-044,PROD-117,SUC-13,1,185000,185000
TRX-2084,2026-06-27,CLI-074,PROD-114,SUC-04,1,1650000,1650000
TRX-2218,2026-06-27,CLI-010,PROD-111,SUC-07,5,5900000,29500000
TRX-2098,2026-06-28,CLI-015,PROD-101,SUC-14,1,950000,950000
TRX-2139,2026-07-01,CLI-073,PROD-121,SUC-04,1,540000,540000
TRX-2250,2026-07-02,CLI-022,PROD-103,SUC-11,1,1450000,1450000
TRX-2282,2026-07-03,CLI-086,PROD-106,SUC-12,2,1450000,2900000
TRX-2103,2026-07-04,CLI-055,PROD-123,SUC-01,1,3100000,3100000
TRX-2209,2026-07-06,CLI-069,PROD-102,SUC-02,1,1350000,1350000
TRX-2082,2026-07-07,CLI-066,PROD-113,SUC-15,10,1200000,12000000
TRX-2108,2026-07-07,CLI-008,PROD-104,SUC-01,5,2800000,14000000
TRX-2268,2026-07-07,CLI-016,PROD-110,SUC-01,2,4200000,8400000
TRX-2048,2026-07-08,CLI-087,PROD-120,SUC-15,10,890000,8900000
TRX-2073,2026-07-08,CLI-003,PROD-119,SUC-15,5,2200000,11000000
TRX-2141,2026-07-10,CLI-050,PROD-117,SUC-14,2,185000,370000
TRX-2001,2026-07-11,CLI-089,PROD-123,SUC-14,1,3100000,3100000
TRX-2012,2026-07-11,CLI-078,PROD-120,SUC-12,2,890000,1780000
TRX-2252,2026-07-11,CLI-036,PROD-120,SUC-10,1,890000,890000
TRX-2182,2026-07-12,CLI-057,PROD-107,SUC-03,2,490000,980000
TRX-2074,2026-07-13,CLI-068,PROD-111,SUC-05,1,5900000,5900000
TRX-2161,2026-07-13,CLI-001,PROD-121,SUC-04,1,540000,540000
TRX-2226,2026-07-13,CLI-071,PROD-123,SUC-13,1,3100000,3100000
TRX-2017,2026-07-14,CLI-064,PROD-119,SUC-09,3,2200000,6600000
TRX-2258,2026-07-15,CLI-067,PROD-112,SUC-01,5,85000,425000
TRX-2136,2026-07-16,CLI-088,PROD-113,SUC-07,1,1200000,1200000
TRX-2156,2026-07-16,CLI-013,PROD-103,SUC-06,1,1450000,1450000
TRX-2197,2026-07-16,CLI-004,PROD-118,SUC-10,5,1150000,5750000
TRX-2092,2026-07-19,CLI-011,PROD-120,SUC-12,3,890000,2670000
TRX-2249,2026-07-19,CLI-032,PROD-119,SUC-08,3,2200000,6600000
TRX-2114,2026-07-20,CLI-079,PROD-124,SUC-01,3,320000,960000
TRX-2028,2026-07-21,CLI-029,PROD-121,SUC-01,1,540000,540000
TRX-2031,2026-07-22,CLI-050,PROD-109,SUC-07,1,620000,620000
TRX-2068,2026-07-22,CLI-088,PROD-120,SUC-14,10,890000,8900000
TRX-2071,2026-07-25,CLI-081,PROD-111,SUC-01,1,5900000,5900000
TRX-2026,2026-07-26,CLI-045,PROD-115,SUC-09,1,2100000,2100000
TRX-2083,2026-07-26,CLI-018,PROD-107,SUC-05,10,490000,4900000
TRX-2267,2026-07-26,CLI-005,PROD-120,SUC-07,5,890000,4450000
TRX-2038,2026-07-27,CLI-034,PROD-125,SUC-08,3,1250000,3750000
TRX-2253,2026-07-27,CLI-052,PROD-122,SUC-07,2,350000,700000
TRX-2154,2026-07-28,CLI-005,PROD-117,SUC-04,10,185000,1850000
